first,last,ASG,GG,BBWAA,From,To,Seasons,Ages,G,PA,AB,R,H,2B,3B,HR,RBI,BB,IBB,SO,HBP,SH,SF,GDP,SB,CS,BA,OBP,SLG,OPS
Rickey,Henderson,10,,1,1979,2003,25,20-44,3081,13346,10961,2295,3055,510,66,297,1115,2190,61,1694,98,30,67,172,1406,335,0.279,0.401,0.419,0.82
Cal,Ripken,19,,1,1981,2001,21,20-40,3001,12883,11551,1647,3184,603,44,431,1695,1129,107,1305,66,10,127,350,36,39,0.276,0.34,0.447,0.787
Tony,Gwynn,15,,1,1982,2001,20,22-41,2440,10232,9288,1383,3141,543,85,135,1138,790,203,434,24,45,85,260,319,125,0.338,0.388,0.459,0.847
Wade,Boggs,11,,1,1982,1999,18,24-41,2440,10740,9180,1513,3010,578,61,118,1014,1412,180,745,23,29,96,236,24,35,0.328,0.415,0.443,0.858
Paul,Molitor,7,,1,1978,1998,21,21-41,2683,12160,10835,1782,3319,605,114,234,1307,1094,100,1244,47,75,109,209,504,131,0.306,0.369,0.448,0.817
Eddie,Murray,8,,1,1977,1997,21,21-41,3026,12817,11336,1627,3255,560,35,504,1917,1333,222,1516,18,2,128,316,110,43,0.287,0.359,0.476,0.835
Ryne,Sandberg,10,,1,1981,1997,17,21-37,2164,9282,8385,1318,2386,403,76,282,1061,761,59,1260,34,31,71,139,344,107,0.285,0.344,0.452,0.796
Ozzie,Smith,15,,1,1978,1996,19,23-41,2573,10778,9396,1257,2460,402,69,28,793,1072,79,589,33,214,63,167,580,148,0.262,0.337,0.328,0.665
Dave,Winfield,12,,1,1973,1995,23,21-43,2973,12358,11003,1669,3110,540,88,465,1833,1216,172,1686,25,19,95,319,223,96,0.283,0.353,0.475,0.828
Kirby,Puckett,10,,1,1984,1995,12,24-35,1783,7831,7244,1071,2304,414,57,207,1085,450,85,965,56,23,58,188,134,76,0.318,0.36,0.477,0.837
Robin,Yount,3,,1,1974,1993,20,18-37,2856,12249,11008,1632,3142,583,126,251,1406,966,95,1350,48,104,123,217,271,105,0.285,0.342,0.43,0.772
George,Brett,12,,1,1973,1993,21,20-40,2707,11624,10349,1583,3154,665,137,317,1595,1096,229,908,33,26,120,235,201,97,0.305,0.369,0.487,0.856
Carlton,Fisk,11,,1,1969,1993,25,21-45,2499,9853,8756,1276,2356,421,47,376,1330,849,105,1386,143,26,79,204,128,58,0.269,0.341,0.457,0.798
Gary,Carter,11,,1,1974,1992,19,20-38,2295,9019,7971,1025,2092,371,31,324,1225,848,106,997,68,33,99,180,39,42,0.262,0.335,0.439,0.774
Mike,Schmidt,12,,1,1972,1989,18,22-39,2404,10062,8352,1506,2234,408,59,548,1595,1507,201,1883,79,16,108,156,174,92,0.267,0.38,0.527,0.907
Jim,Rice,8,,1,1974,1989,16,21-36,2089,9058,8225,1249,2452,373,79,382,1451,670,77,1423,64,5,94,315,58,34,0.298,0.352,0.502,0.854
Reggie,Jackson,14,,1,1967,1987,21,21-41,2820,11416,9864,1551,2584,463,49,563,1702,1375,164,2597,96,13,68,183,228,115,0.262,0.356,0.49,0.846
Tony,Perez,7,,1,1964,1986,23,22-44,2777,10861,9778,1272,2732,505,79,379,1652,925,150,1867,43,9,106,268,49,33,0.279,0.341,0.463,0.804
Rod,Carew,18,,1,1967,1985,19,21-39,2469,10550,9315,1424,3053,445,112,92,1015,1018,144,1028,25,128,64,216,353,187,0.328,0.393,0.429,0.822
Joe,Morgan,10,,1,1963,1984,22,19-40,2649,11329,9277,1650,2517,449,96,268,1133,1865,76,1015,40,51,96,105,689,162,0.271,0.392,0.427,0.819
Carl,Yastrzemski,18,,1,1961,1983,23,21-43,3308,13991,11988,1816,3419,646,59,452,1844,1845,190,1393,40,13,105,323,168,116,0.285,0.379,0.462,0.841
Johnny,Bench,14,,1,1967,1983,17,19-35,2158,8669,7658,1091,2048,381,24,389,1376,891,135,1278,19,11,90,201,68,43,0.267,0.342,0.476,0.818
Willie,Stargell,7,,1,1962,1982,21,22-42,2360,9026,7927,1195,2232,423,55,475,1540,937,227,1936,78,9,75,143,17,16,0.282,0.36,0.529,0.889
Willie,McCovey,6,,1,1959,1980,22,21-42,2588,9686,8197,1229,2211,353,46,521,1555,1345,260,1550,69,5,70,176,26,22,0.27,0.374,0.515,0.889
Lou,Brock,6,,1,1961,1979,19,22-40,2616,11235,10332,1610,3023,486,141,149,900,761,124,1730,49,47,46,114,938,307,0.293,0.343,0.41,0.753
Brooks,Robinson,18,,1,1955,1977,23,18-40,2896,11782,10654,1232,2848,482,68,268,1357,860,120,990,53,101,114,297,28,22,0.267,0.322,0.401,0.723
Hank,Aaron,26,,1,1954,1976,23,20-42,3298,13940,12364,2174,3771,624,98,755,2297,1402,293,1383,32,21,121,328,240,73,0.305,0.374,0.555,0.929
Frank,Robinson,14,,1,1956,1976,21,20-40,2808,11743,10006,1829,2943,528,72,586,1812,1420,218,1532,198,17,102,269,204,77,0.294,0.389,0.537,0.926
Billy,Williams,6,,1,1959,1976,18,21-38,2488,10519,9350,1410,2711,434,88,426,1475,1045,182,1046,43,8,73,200,90,49,0.29,0.361,0.492,0.853
Harmon,Killebrew,13,,1,1954,1975,22,18-39,2435,9831,8147,1283,2086,290,24,573,1584,1559,160,1699,48,0,77,243,19,18,0.256,0.376,0.509,0.885
Al,Kaline,18,,1,1953,1974,22,18-39,2834,11597,10116,1622,3007,498,75,399,1583,1277,131,1020,55,45,104,271,137,65,0.297,0.376,0.48,0.856
Willie,Mays,24,,1,1951,1973,23,20-42,2992,12493,10881,2062,3283,523,140,660,1903,1464,192,1526,44,13,91,251,338,103,0.302,0.384,0.557,0.941
Luis,Aparicio,13,,1,1956,1973,18,22-39,2601,11230,10230,1335,2677,394,92,83,791,736,22,742,27,161,76,184,506,136,0.262,0.311,0.343,0.654
Roberto,Clemente,15,,1,1955,1972,18,20-37,2433,10212,9454,1416,3000,440,166,240,1305,621,167,1230,35,36,66,275,83,46,0.317,0.359,0.475,0.834
Ernie,Banks,14,,1,1953,1971,19,22-40,2528,10395,9421,1305,2583,407,90,512,1636,763,198,1236,70,45,96,229,50,53,0.274,0.33,0.5,0.83
Eddie,Mathews,12,,1,1952,1968,17,20-36,2391,10101,8537,1509,2315,354,72,512,1453,1444,107,1487,26,36,58,123,68,39,0.271,0.376,0.509,0.885
Mickey,Mantle,20,,1,1951,1968,18,19-36,2401,9909,8102,1677,2415,344,72,536,1509,1733,126,1710,13,14,47,113,153,38,0.298,0.421,0.557,0.978
Yogi,Berra,18,,1,1946,1965,20,21-40,2120,8364,7555,1175,2150,321,49,358,1430,704,49,414,52,9,44,146,30,26,0.285,0.348,0.482,0.83
Duke,Snider,8,,1,1947,1964,18,20-37,2143,8237,7161,1259,2116,358,85,407,1333,971,104,1237,21,52,32,166,99,50,0.295,0.38,0.54,0.92
Stan,Musial,24,,1,1941,1963,23,20-42,3026,12712,10972,1949,3630,725,177,475,1951,1599,127,696,53,35,53,243,78,31,0.331,0.417,0.559,0.976
Ted,Williams,19,,1,1939,1960,22,20-41,2292,9791,7706,1798,2654,525,71,521,1839,2021,86,709,39,5,20,197,24,17,0.344,0.482,0.634,1.116
Roy,Campanella,8,,1,1948,1957,10,26-35,1215,4816,4205,627,1161,178,18,242,856,533,30,501,30,30,18,143,25,15,0.276,0.36,0.5,0.86
Jackie,Robinson,6,,1,1947,1956,10,28-37,1382,5802,4877,947,1518,273,54,137,734,740,7,291,72,104,9,113,197,30,0.311,0.409,0.474,0.883
Ralph,Kiner,6,,1,1946,1955,10,23-32,1472,6256,5205,971,1451,216,39,369,1015,1011,1,749,24,9,7,126,22,2,0.279,0.398,0.548,0.946
Lou,Boudreau,7,,1,1938,1952,15,20-34,1646,7023,6029,861,1779,385,66,68,789,796,0,309,34,164,0,155,51,50,0.295,0.38,0.415,0.795
Joe,DiMaggio,13,,1,1936,1951,16,21-36,1736,7671,6821,1390,2214,389,131,361,1537,790,0,369,46,14,0,130,30,9,0.325,0.398,0.579,0.977
Luke,Appling,7,,1,1930,1950,21,23-43,2422,10243,8856,1319,2749,440,102,45,1116,1302,0,528,11,74,0,129,179,108,0.31,0.399,0.398,0.797
Darrell,Evans,2,,0,1969,1989,21,22-42,2687,10737,8973,1344,2223,329,36,414,1354,1605,141,1410,35,34,90,133,98,68,0.248,0.361,0.431,0.792
Buddy,Bell,5,,0,1972,1989,18,20-37,2405,10009,8995,1151,2514,425,56,201,1106,836,84,776,38,60,80,255,55,79,0.279,0.341,0.406,0.747
Chris,Speier,3,,0,1971,1989,19,21-39,2260,8155,7156,770,1759,302,50,112,720,847,106,988,35,73,44,183,42,54,0.246,0.327,0.349,0.676
Jim,Sundberg,3,,0,1974,1989,16,23-38,1962,6898,6021,621,1493,243,36,95,624,699,31,963,22,118,38,159,20,37,0.248,0.327,0.348,0.675
Manny,Trillo,4,,0,1973,1989,17,22-38,1780,6573,5950,598,1562,239,33,61,571,452,35,742,34,88,49,143,56,57,0.263,0.316,0.345,0.661
Tony,Armas,2,,0,1976,1989,14,22-35,1432,5502,5164,614,1302,204,39,251,815,260,37,1201,15,11,52,149,18,20,0.252,0.287,0.453,0.74
Dwayne,Murphy,0,,0,1978,1989,12,23-34,1360,5242,4347,648,1069,139,20,166,609,747,39,953,19,84,45,92,100,61,0.246,0.356,0.402,0.758
Glenn,Hubbard,1,,0,1978,1989,12,20-31,1354,5122,4441,545,1084,214,22,70,448,539,53,640,33,70,39,83,35,35,0.244,0.328,0.349,0.677
Keith,Moreland,0,,0,1978,1989,12,24-35,1306,5082,4581,511,1279,214,14,121,674,405,56,515,13,18,65,140,28,33,0.279,0.335,0.411,0.746
Craig,Reynolds,2,,0,1975,1989,15,22-36,1491,4863,4466,480,1142,143,65,42,377,227,34,406,9,124,37,49,58,32,0.256,0.291,0.345,0.636
Lee,Mazzilli,1,,0,1976,1989,14,21-34,1475,4831,4124,571,1068,191,24,93,460,642,41,627,20,12,33,63,197,90,0.259,0.359,0.385,0.744
Alan,Ashby,0,,0,1973,1989,17,21-37,1370,4691,4123,397,1010,183,13,90,513,461,66,622,11,55,41,125,7,10,0.245,0.32,0.361,0.681
Greg,Gross,0,,0,1973,1989,17,20-36,1809,4355,3745,449,1073,130,46,7,308,523,51,250,8,40,39,90,39,44,0.287,0.372,0.351,0.723
Damaso,Garcia,2,,0,1978,1989,12,23-34,1032,4124,3914,490,1108,183,27,36,323,130,11,322,27,29,24,81,203,90,0.283,0.309,0.371,0.68
Joel,Youngblood,1,,0,1976,1989,14,24-37,1408,4078,3659,453,969,180,23,80,422,332,30,589,36,18,33,80,60,55,0.265,0.329,0.392,0.721
Leon,Durham,2,,0,1980,1989,10,22-31,1067,4067,3587,522,992,192,40,147,530,444,96,679,9,3,24,49,106,61,0.277,0.356,0.475,0.831
Bo,Diaz,2,,0,1977,1989,13,24-36,993,3537,3274,327,834,162,5,87,452,198,22,429,13,24,28,113,9,17,0.255,0.297,0.387,0.684
Mike,Davis,0,,0,1980,1989,10,21-30,963,3298,2999,419,778,161,16,91,371,236,19,537,10,24,29,55,134,56,0.259,0.313,0.415,0.728
Bruce,Benedict,2,,0,1978,1989,12,22-33,982,3289,2878,214,696,98,6,18,260,328,52,251,13,49,21,76,12,20,0.242,0.32,0.299,0.619
Tim,Flannery,0,,0,1979,1989,11,21-31,972,2838,2473,255,631,77,25,9,209,277,35,293,32,32,24,43,22,22,0.255,0.335,0.317,0.652
Bob,Dernier,0,,0,1980,1989,10,23-32,904,2757,2483,374,634,92,16,23,152,222,2,301,8,36,8,34,218,63,0.255,0.318,0.333,0.651
Glenn,Hoffman,0,,0,1980,1989,10,21-30,766,2383,2163,247,524,106,9,23,210,136,9,309,20,50,14,52,5,16,0.242,0.291,0.331,0.622
Jerry,Hairston,0,,0,1973,1989,17,21-37,859,2023,1699,216,438,91,6,30,205,282,18,240,8,13,21,35,4,5,0.258,0.362,0.371,0.733
Graig,Nettles,6,,0,1967,1988,22,22-43,2700,10226,8986,1193,2225,328,28,390,1314,1088,94,1209,50,12,90,197,32,36,0.248,0.329,0.421,0.75
Ted,Simmons,8,,0,1968,1988,21,18-38,2456,9685,8680,1074,2472,483,47,248,1389,855,188,694,39,11,100,287,21,33,0.285,0.348,0.437,0.785
Dave,Concepcion,9,,0,1970,1988,19,22-40,2488,9640,8723,993,2326,389,48,101,950,736,93,1186,21,74,86,266,321,109,0.267,0.322,0.357,0.679
Don,Baylor,1,,0,1970,1988,19,21-39,2292,9401,8198,1236,2135,366,28,338,1276,805,91,1069,267,16,115,196,285,120,0.26,0.342,0.436,0.778
Jose,Cruz,2,,0,1970,1988,19,22-40,2353,8931,7917,1036,2251,391,94,165,1077,898,142,1031,7,27,82,119,317,136,0.284,0.354,0.42,0.774
Chris,Chambliss,1,,0,1971,1988,18,22-39,2175,8305,7571,912,2109,392,42,185,972,632,99,926,27,19,56,166,40,35,0.279,0.334,0.415,0.749
George,Hendrick,4,,0,1971,1988,18,21-38,2048,7825,7129,941,1980,343,27,267,1111,567,77,1013,22,21,86,211,59,47,0.278,0.329,0.446,0.775
Larry,Parrish,2,,0,1974,1988,15,20-34,1891,7450,6792,850,1789,360,33,256,992,529,79,1359,42,31,56,187,30,36,0.263,0.318,0.439,0.757
Phil,Garner,3,,0,1973,1988,16,24-39,1860,6860,6136,780,1594,299,82,109,738,564,74,842,34,67,59,131,225,105,0.26,0.323,0.389,0.712
Jerry,Mumphrey,1,,0,1974,1988,15,21-35,1585,5545,4993,660,1442,217,55,70,575,478,49,688,4,29,41,108,174,80,0.289,0.349,0.396,0.745
Larry,Herndon,0,,0,1974,1988,15,20-34,1537,5316,4877,605,1334,186,76,107,550,353,24,793,16,32,38,125,92,57,0.274,0.322,0.409,0.731
Ray,Knight,2,,0,1974,1988,15,21-35,1495,5291,4829,490,1311,266,27,84,595,343,43,579,36,22,61,169,14,25,0.271,0.321,0.39,0.711
Ivan,DeJesus,0,,0,1974,1988,15,21-35,1371,5193,4602,595,1167,175,48,21,324,466,48,664,16,87,22,65,194,88,0.254,0.323,0.326,0.649
Juan,Beniquez,0,,0,1971,1988,18,21-38,1500,5150,4651,610,1274,190,30,79,476,349,11,551,31,87,32,145,104,76,0.274,0.327,0.379,0.706
Butch,Wynegar,2,,0,1976,1988,13,20-32,1301,5067,4330,498,1102,176,15,65,506,626,41,428,17,58,36,119,10,13,0.255,0.348,0.347,0.695
Willie,Upshaw,0,,0,1978,1988,11,21-31,1264,4736,4203,596,1103,199,45,123,528,452,50,642,23,30,28,60,88,59,0.262,0.335,0.419,0.754
Jerry,Royster,0,,0,1973,1988,16,20-35,1428,4732,4208,552,1049,165,33,40,352,411,20,534,11,69,33,90,189,95,0.249,0.315,0.333,0.648
Steve,Kemp,1,,0,1977,1988,12,22-33,1168,4714,4058,581,1128,179,25,130,634,576,25,605,19,13,48,114,39,24,0.278,0.367,0.431,0.798
Bob,Horner,1,,0,1978,1988,11,20-30,1020,4213,3777,560,1047,169,8,218,685,369,39,512,16,1,50,111,14,18,0.277,0.34,0.499,0.839
Steve,Henderson,0,,0,1977,1988,12,24-35,1085,3916,3484,459,976,162,49,68,428,386,32,677,13,11,22,108,79,58,0.28,0.352,0.413,0.765
Jim,Morrison,0,,0,1977,1988,12,24-35,1089,3695,3375,371,876,170,16,112,435,213,15,521,25,43,39,77,50,37,0.26,0.305,0.419,0.724
Bill,Almon,0,,0,1974,1988,15,21-35,1236,3659,3330,390,846,138,25,36,296,250,24,636,6,44,29,53,128,60,0.254,0.305,0.343,0.648
Gary,Roenicke,0,,0,1976,1988,13,21-33,1064,3204,2708,367,670,135,4,121,410,406,16,428,41,23,26,77,16,20,0.247,0.351,0.434,0.785
Steve,Garvey,10,,0,1969,1987,19,20-38,2332,9466,8835,1143,2599,440,43,272,1308,479,113,1003,29,33,90,251,83,62,0.294,0.329,0.446,0.775
Ron,Cey,6,,0,1971,1987,17,23-39,2073,8344,7162,977,1868,328,21,316,1139,1012,117,1235,62,26,82,185,24,29,0.261,0.354,0.445,0.799
Gary,Matthews,0,,0,1972,1987,16,21-36,2033,8189,7147,1083,2011,319,51,234,978,940,46,1125,21,19,62,179,183,74,0.281,0.364,0.439,0.803
Hal,McRae,3,,0,1968,1987,20,22-41,2084,8058,7218,940,2091,484,66,191,1097,648,69,779,79,28,85,186,109,78,0.29,0.351,0.454,0.805
Cecil,Cooper,5,,0,1971,1987,17,21-37,1896,7939,7349,1012,2192,415,47,241,1125,448,79,911,17,46,79,150,89,49,0.298,0.337,0.466,0.803
Bill,Madlock,4,,0,1973,1987,15,22-36,1806,7372,6594,920,2008,348,34,163,860,605,121,510,68,36,69,190,174,90,0.305,0.365,0.442,0.807
Davey,Lopes,5,,0,1972,1987,16,27-42,1812,7340,6354,1023,1671,232,50,155,614,833,38,852,31,74,48,126,557,114,0.263,0.349,0.388,0.737
Roy,Smalley,1,,0,1975,1987,13,22-34,1653,6594,5657,745,1454,244,25,163,694,771,47,908,14,98,54,121,27,34,0.257,0.345,0.395,0.74
Darrell,Porter,4,,0,1971,1987,17,19-35,1782,6570,5539,765,1369,237,48,188,826,905,106,1025,45,18,63,102,39,37,0.247,0.354,0.409,0.763
Doug,DeCinces,1,,0,1973,1987,15,22-36,1649,6534,5809,778,1505,312,29,237,879,618,57,904,21,22,64,177,58,48,0.259,0.329,0.445,0.774
Jorge,Orta,2,,0,1972,1987,16,21-36,1755,6458,5829,733,1619,267,63,130,745,500,46,715,29,33,67,125,79,60,0.278,0.334,0.412,0.746
Dan,Driessen,0,,0,1973,1987,15,21-35,1732,6344,5479,746,1464,282,23,153,763,761,100,719,28,11,65,128,154,63,0.267,0.356,0.411,0.767
Andre,Thornton,0,,0,1973,1987,15,23-37,1565,6293,5291,792,1342,244,22,253,895,876,69,851,41,14,71,129,48,37,0.254,0.36,0.452,0.812
Rick,Manning,0,,0,1975,1987,13,20-32,1555,5832,5248,664,1349,189,43,56,458,471,33,616,9,61,43,104,168,78,0.257,0.317,0.341,0.658
Rick,Burleson,4,,0,1974,1987,14,23-36,1346,5717,5139,656,1401,256,23,50,449,420,11,477,28,84,46,138,72,68,0.273,0.328,0.361,0.689
Ruppert,Jones,2,,0,1976,1987,12,21-32,1331,5038,4415,643,1103,215,38,147,579,534,38,817,12,43,34,87,143,84,0.25,0.33,0.416,0.746
Lee,Lacy,0,,0,1972,1987,16,24-39,1523,5004,4549,650,1303,207,42,91,458,372,26,657,9,41,33,86,185,86,0.286,0.339,0.41,0.749
Johnny,Grubb,1,,0,1972,1987,16,23-38,1424,4823,4154,553,1153,207,29,99,475,566,41,558,36,32,35,74,27,33,0.278,0.366,0.413,0.779
Ken,Landreaux,1,,0,1977,1987,11,22-32,1264,4503,4101,522,1099,180,45,91,479,299,33,421,19,39,45,78,145,60,0.268,0.317,0.4,0.717
Charlie,Moore,0,,0,1973,1987,15,20-34,1334,4482,4033,456,1052,187,43,36,408,346,12,470,11,71,21,104,51,57,0.261,0.319,0.355,0.674
Tom,Paciorek,1,,0,1970,1987,18,23-40,1392,4465,4121,494,1162,232,30,86,503,245,25,704,38,22,39,92,55,38,0.282,0.325,0.415,0.74
Mike,Easler,1,,0,1973,1987,15,22-36,1151,4061,3677,465,1078,189,25,118,522,321,46,696,17,6,40,85,20,26,0.293,0.349,0.454,0.803
Johnnie,LeMaster,0,,0,1975,1987,13,21-33,1039,3515,3191,320,709,109,19,22,229,241,37,564,7,57,19,52,94,51,0.222,0.277,0.289,0.566
UL,Washington,0,,0,1977,1987,11,23-33,907,3124,2797,358,703,103,36,27,255,261,6,409,1,44,21,33,132,53,0.251,0.313,0.343,0.656
Rob,Wilfong,0,,0,1977,1987,11,23-33,959,3014,2690,318,668,97,23,39,261,205,13,387,14,86,19,26,54,33,0.248,0.303,0.345,0.648
Dale,Berra,0,,0,1977,1987,11,20-30,853,2835,2553,236,603,109,9,49,278,210,57,422,12,33,27,54,32,17,0.236,0.294,0.344,0.638
Garth,Iorg,0,,0,1978,1987,10,23-32,931,2615,2450,251,633,125,16,20,238,114,9,298,11,21,19,55,23,17,0.258,0.292,0.347,0.639
Toby,Harrah,4,,0,1969,1986,18,20-37,2155,8766,7402,1115,1954,307,40,195,918,1153,51,868,63,76,72,155,238,94,0.264,0.365,0.395,0.76
Bobby,Grich,5,,0,1970,1986,17,21-37,2008,8220,6890,1033,1833,320,47,224,864,1087,50,1278,86,107,50,157,104,83,0.266,0.371,0.424,0.795
Cesar,Cedeno,4,,0,1970,1986,17,19-35,2006,8133,7310,1084,2087,436,60,199,976,664,83,938,56,32,71,167,550,179,0.285,0.347,0.443,0.79
Dusty,Baker,2,,0,1968,1986,19,19-37,2039,8021,7117,964,1981,320,23,242,1013,762,52,926,30,27,85,158,137,73,0.278,0.347,0.432,0.779
Bill,Russell,3,,0,1969,1986,18,20-37,2181,8020,7318,796,1926,293,57,46,627,483,106,667,36,132,51,174,167,69,0.263,0.31,0.338,0.648
George,Foster,5,,0,1969,1986,18,20-37,1977,7812,7023,986,1925,307,47,348,1239,666,106,1419,52,3,68,196,51,31,0.274,0.338,0.48,0.818
Dave,Kingman,3,,0,1971,1986,16,22-37,1941,7429,6677,901,1575,240,25,442,1210,608,72,1816,53,16,75,139,85,49,0.236,0.302,0.478,0.78
Garry,Maddox,0,,0,1972,1986,15,22-36,1749,6775,6331,777,1802,337,62,117,754,323,60,781,36,25,60,99,248,92,0.285,0.32,0.413,0.733
Ben,Oglivie,3,,0,1971,1986,16,22-37,1754,6598,5913,784,1615,277,33,235,901,560,105,852,35,21,69,122,87,70,0.273,0.336,0.45,0.786
Enos,Cabell,0,,0,1972,1986,15,22-36,1688,6304,5952,753,1647,263,56,60,596,259,31,691,23,32,38,134,238,124,0.277,0.308,0.37,0.678
Al,Cowens,0,,0,1974,1986,13,22-34,1584,6038,5534,704,1494,276,68,108,717,389,28,659,34,28,53,141,120,74,0.27,0.319,0.403,0.722
Bruce,Bochte,1,,0,1974,1986,13,23-35,1538,5994,5233,643,1478,250,21,100,658,653,65,662,13,44,51,156,43,41,0.282,0.36,0.396,0.756
Jason,Thompson,3,,0,1976,1986,11,21-31,1418,5686,4802,640,1253,204,12,208,782,816,70,862,9,5,54,113,8,7,0.261,0.366,0.438,0.804
Gorman,Thomas,1,,0,1973,1986,14,22-35,1436,5486,4677,681,1051,212,13,268,782,697,41,1339,18,41,53,84,50,49,0.225,0.324,0.448,0.772
Omar,Moreno,0,,0,1975,1986,12,22-33,1382,5481,4992,699,1257,171,87,37,386,387,41,885,17,52,33,45,487,182,0.252,0.306,0.343,0.649
Cliff,Johnson,0,,0,1972,1986,15,24-38,1369,4603,3945,539,1016,188,10,196,699,568,53,719,50,4,36,86,9,12,0.258,0.355,0.459,0.814
Julio,Cruz,0,,0,1977,1986,10,22-31,1156,4437,3859,557,916,113,27,23,279,478,3,508,14,56,30,64,343,78,0.237,0.321,0.299,0.62
Steve,Yeager,0,,0,1972,1986,15,23-37,1269,4014,3584,357,816,118,16,102,410,342,64,726,27,33,28,93,14,18,0.228,0.298,0.355,0.653
Wayne,Gross,0,,0,1976,1986,11,24-34,1106,3680,3125,373,727,126,9,121,396,482,34,496,20,29,24,45,24,22,0.233,0.337,0.395,0.732
Jim,Wohlford,0,,0,1972,1986,15,21-35,1220,3371,3049,349,793,125,33,21,305,241,18,376,8,38,35,62,89,68,0.26,0.313,0.343,0.656
Barry,Bonnell,0,,0,1977,1986,10,23-32,976,3353,3068,363,833,143,24,56,355,229,26,387,13,27,16,83,64,39,0.272,0.323,0.389,0.712
Buck,Martinez,0,,0,1969,1986,18,20-37,1049,3072,2743,245,618,128,10,58,321,230,5,419,8,56,35,59,5,10,0.225,0.284,0.343,0.627
Greg,Pryor,0,,0,1976,1986,11,26-36,789,2049,1883,204,471,85,9,14,146,104,1,185,10,38,14,60,11,12,0.25,0.291,0.327,0.618
Rusty,Staub,6,,0,1963,1985,23,19-41,2951,11229,9720,1189,2716,499,47,292,1466,1255,193,888,79,56,119,297,47,33,0.279,0.362,0.431,0.793
Al,Oliver,7,,0,1968,1985,18,21-38,2368,9778,9049,1189,2743,529,77,219,1326,535,119,756,82,17,95,254,84,64,0.303,0.344,0.451,0.795
Larry,Bowa,5,,0,1970,1985,16,24-39,2247,9103,8418,987,2191,262,99,15,525,474,45,569,17,151,43,121,318,105,0.26,0.3,0.32,0.62
Richie,Hebner,0,,0,1968,1985,18,20-37,1908,7016,6144,865,1694,273,57,203,890,687,95,741,74,44,67,105,38,40,0.276,0.352,0.438,0.79
Mike,Hargrove,1,,0,1974,1985,12,24-35,1666,6693,5564,783,1614,266,28,80,686,965,75,550,53,44,67,154,24,37,0.29,0.396,0.391,0.787
Tim,Foli,0,,0,1970,1985,16,19-34,1696,6573,6047,576,1515,241,20,25,501,265,29,399,35,169,57,119,81,55,0.251,0.283,0.309,0.592
Jeff,Burroughs,2,,0,1970,1985,16,19-34,1689,6449,5536,720,1443,230,20,240,882,831,65,1135,15,4,63,148,16,22,0.261,0.355,0.439,0.794
Al,Bumbry,1,,0,1972,1985,14,25-38,1496,5619,5053,778,1422,220,52,54,402,471,30,709,21,44,30,74,254,92,0.281,0.343,0.378,0.721
Derrel,Thomas,0,,0,1971,1985,15,20-34,1597,5268,4677,585,1163,154,54,43,370,456,32,593,25,81,29,73,140,92,0.249,0.317,0.332,0.649
Jay,Johnstone,0,,0,1966,1985,20,20-39,1748,5229,4703,578,1254,215,38,102,531,429,61,632,22,40,35,80,50,54,0.267,0.329,0.394,0.723
Oscar,Gamble,0,,0,1969,1985,17,19-35,1584,5197,4502,656,1195,188,31,200,666,610,62,546,43,12,30,64,47,37,0.265,0.356,0.454,0.81
Sixto,Lezcano,0,,0,1974,1985,12,20-31,1291,4814,4134,560,1122,184,34,148,591,576,37,768,19,39,46,96,37,31,0.271,0.36,0.44,0.8
Dan,Ford,0,,0,1975,1985,11,23-33,1153,4582,4163,598,1123,214,38,121,566,303,19,722,47,31,38,121,61,37,0.27,0.324,0.427,0.751
Rick,Miller,0,,0,1971,1985,15,23-37,1482,4440,3887,552,1046,161,35,28,369,454,23,583,16,60,23,68,78,65,0.269,0.346,0.35,0.696
Steve,Braun,0,,0,1971,1985,15,23-37,1425,4295,3650,466,989,155,19,52,388,579,32,433,17,24,25,77,45,27,0.271,0.371,0.367,0.738
Rich,Dauer,0,,0,1976,1985,10,23-32,1140,4218,3829,448,984,193,3,43,372,297,7,219,14,44,34,128,6,13,0.257,0.31,0.343,0.653
Doug,Flynn,0,,0,1975,1985,11,24-34,1309,4085,3853,288,918,115,39,7,284,151,58,320,1,60,20,95,20,20,0.238,0.266,0.294,0.56
Mike,Jorgensen,0,,0,1968,1985,18,19-36,1633,4034,3421,429,833,132,13,95,426,532,51,589,25,31,25,64,58,44,0.243,0.347,0.373,0.72
Dan,Meyer,0,,0,1974,1985,12,21-32,1118,4027,3734,411,944,153,31,86,459,219,32,277,10,29,35,101,61,29,0.253,0.293,0.379,0.672
John,Lowenstein,0,,0,1970,1985,16,23-38,1368,3988,3476,510,881,137,18,116,441,446,30,596,9,27,30,58,128,78,0.253,0.337,0.403,0.74
Duane,Kuiper,0,,0,1974,1985,12,24-35,1057,3754,3379,329,917,91,29,1,263,248,27,255,28,82,17,76,52,71,0.271,0.325,0.316,0.641
Ellis,Valentine,1,,0,1975,1985,11,20-30,894,3392,3166,380,881,169,15,123,474,180,9,462,7,5,34,81,59,37,0.278,0.315,0.458,0.773
Alan,Bannister,0,,0,1974,1985,12,22-33,972,3373,3007,430,811,143,28,19,288,292,13,318,13,33,28,45,108,37,0.27,0.334,0.355,0.689
Bob,Bailor,0,,0,1975,1985,11,23-33,955,3206,2937,339,775,107,23,9,222,187,10,164,20,42,20,51,90,36,0.264,0.31,0.325,0.635
Bill,Stein,0,,0,1972,1985,14,25-38,959,3067,2811,268,751,122,18,44,311,186,21,413,14,31,25,74,16,16,0.267,0.313,0.37,0.683
Art,Howe,0,,0,1974,1985,12,27-38,891,2951,2626,268,682,139,23,43,293,275,47,287,9,16,25,70,10,10,0.26,0.329,0.379,0.708
John,Wathan,0,,0,1976,1985,10,26-35,860,2764,2505,305,656,90,25,21,261,199,10,265,14,28,18,89,105,36,0.262,0.318,0.343,0.661
Kurt,Bevacqua,0,,0,1971,1985,15,24-38,970,2398,2117,214,499,90,11,27,275,221,19,329,5,24,31,72,12,20,0.236,0.305,0.327,0.632
John,Wockenfuss,0,,0,1974,1985,12,25-36,795,2373,2072,267,543,73,11,86,310,277,14,278,7,5,12,52,5,11,0.262,0.349,0.432,0.781
Miguel,Dilone,0,,0,1974,1985,12,19-30,800,2182,2000,314,530,67,25,6,129,142,2,197,6,30,4,37,267,78,0.265,0.315,0.333,0.648
Mike,Squires,0,,0,1975,1985,11,23-33,779,1778,1580,211,411,53,10,6,141,143,13,108,5,38,12,31,45,28,0.26,0.321,0.318,0.639
Ken,Singleton,3,,0,1970,1984,15,23-37,2082,8558,7189,985,2029,317,25,246,1065,1263,125,1246,17,29,60,248,21,36,0.282,0.388,0.436,0.824
Amos,Otis,5,,0,1967,1984,18,20-37,1998,8246,7299,1092,2020,374,66,193,1007,757,53,1008,33,54,103,158,341,93,0.277,0.343,0.425,0.768
Greg,Luzinski,4,,0,1970,1984,15,19-33,1821,7514,6505,880,1795,344,24,307,1128,845,95,1495,84,1,79,147,37,31,0.276,0.363,0.478,0.841
Rick,Monday,2,,0,1966,1984,19,20-38,1986,7162,6136,950,1619,248,64,241,775,924,107,1513,24,46,32,71,98,91,0.264,0.361,0.443,0.804
Bob,Watson,2,,0,1966,1984,19,20-38,1832,6962,6185,802,1826,307,41,184,989,653,98,796,48,11,65,173,27,28,0.295,0.364,0.447,0.811
Lou,Piniella,1,,0,1964,1984,21,20-40,1747,6362,5867,651,1705,305,41,102,766,368,82,541,31,35,61,209,32,41,0.291,0.333,0.409,0.742
Mickey,Rivers,1,,0,1970,1984,15,21-35,1468,6027,5629,785,1660,247,71,61,499,266,20,471,22,75,35,44,267,90,0.295,0.327,0.397,0.724
Bucky,Dent,3,,0,1973,1984,12,21-32,1392,5025,4512,451,1114,169,23,40,423,328,9,349,15,121,49,79,17,29,0.247,0.297,0.321,0.618
Jerry,Remy,1,,0,1975,1984,10,22-31,1154,4963,4455,605,1226,140,38,7,329,356,10,404,4,116,32,83,208,99,0.275,0.327,0.328,0.655
Roy,Howell,1,,0,1974,1984,11,20-30,1112,4181,3791,422,991,183,31,80,454,318,38,675,23,25,24,86,9,14,0.261,0.321,0.389,0.71
Milt,May,0,,0,1970,1984,15,19-33,1192,4074,3693,313,971,147,11,77,443,305,65,361,9,35,32,98,4,13,0.263,0.318,0.371,0.689
Ron,Jackson,0,,0,1975,1984,10,22-31,926,3285,2986,356,774,165,22,56,342,213,17,329,35,31,20,73,23,27,0.259,0.314,0.385,0.699
Tom,Veryzer,0,,0,1973,1984,12,20-31,996,3098,2848,250,687,84,12,14,231,143,8,329,33,49,25,62,9,23,0.241,0.283,0.294,0.577
John,Stearns,4,,0,1974,1984,11,22-32,810,3082,2681,334,696,152,10,46,312,323,25,294,25,23,30,80,91,51,0.26,0.341,0.375,0.716
Leon,Roberts,0,,0,1974,1984,11,23-33,901,3066,2737,342,731,126,28,78,328,256,16,428,22,23,28,65,26,25,0.267,0.332,0.419,0.751
Tony,Scott,0,,0,1973,1984,12,21-32,991,3047,2803,331,699,111,28,17,253,186,27,464,16,17,25,51,125,69,0.249,0.297,0.327,0.624
Jerry,Martin,0,,0,1974,1984,11,25-35,1018,2904,2652,337,666,130,17,85,345,207,20,574,16,6,23,60,38,23,0.251,0.307,0.409,0.716
Larry,Milbourne,0,,0,1974,1984,11,23-33,989,2671,2448,290,623,71,24,11,184,133,10,176,9,58,23,62,41,33,0.254,0.293,0.317,0.61
Bert,Campaneris,6,,0,1964,1983,20,22-41,2328,9625,8684,1181,2249,313,86,79,646,618,15,1142,64,199,60,106,649,199,0.259,0.311,0.342,0.653
Bobby,Murcer,5,,0,1965,1983,19,19-37,1908,7718,6730,972,1862,285,45,252,1043,862,96,841,27,18,81,124,127,75,0.277,0.357,0.445,0.802
Aurelio,Rodriguez,0,,0,1967,1983,17,19-35,2017,7078,6611,612,1570,287,46,124,648,324,37,943,27,82,34,167,35,31,0.237,0.275,0.351,0.626
Don,Money,4,,0,1968,1983,16,21-36,1720,6998,6215,798,1623,302,36,176,729,600,45,866,40,90,53,121,80,51,0.261,0.328,0.406,0.734
Richie,Zisk,2,,0,1971,1983,13,22-34,1453,5737,5144,681,1477,245,26,207,792,533,52,910,12,7,41,138,8,15,0.287,0.353,0.466,0.819
Gene,Tenace,1,,0,1969,1983,15,22-36,1555,5525,4390,653,1060,179,20,201,674,984,58,998,91,21,39,77,36,42,0.241,0.388,0.429,0.817
Jerry,Morales,1,,0,1969,1983,15,20-34,1441,4984,4528,516,1173,199,36,95,570,366,33,567,14,20,56,124,37,57,0.259,0.313,0.382,0.695
Bill,Robinson,0,,0,1966,1983,18,23-40,1472,4729,4364,536,1127,229,29,166,641,263,49,820,16,37,49,128,71,49,0.258,0.3,0.438,0.738
Cesar,Geronimo,0,,0,1969,1983,15,21-35,1522,4229,3780,460,977,161,50,51,392,354,83,746,31,39,25,68,82,40,0.258,0.325,0.368,0.693
Bake,McBride,1,,0,1973,1983,11,24-34,1071,4202,3853,548,1153,167,55,63,430,248,28,457,40,22,39,64,183,63,0.299,0.345,0.42,0.765
Joe,Ferguson,0,,0,1970,1983,14,23-36,1013,3624,3001,407,719,121,11,122,445,562,64,607,9,17,35,86,22,12,0.24,0.358,0.409,0.767
Larry,Biittner,0,,0,1970,1983,14,24-37,1217,3443,3151,310,861,144,20,29,354,236,36,287,11,18,27,93,10,12,0.273,0.324,0.359,0.683
Mike,Ivie,0,,0,1971,1983,13,18-30,857,2962,2694,309,724,133,17,81,411,214,34,402,17,10,27,61,22,16,0.269,0.324,0.421,0.745
Rowland,Office,0,,0,1972,1983,12,19-30,899,2661,2413,259,626,101,11,32,242,189,15,311,16,23,20,52,27,30,0.259,0.315,0.35,0.665
Terry,Crowley,0,,0,1969,1983,15,22-36,865,1768,1518,174,379,62,1,42,229,222,21,181,7,6,15,55,3,0,0.25,0.345,0.375,0.72
Lee,May,3,,0,1965,1982,18,22-39,2071,8219,7609,959,2031,340,31,354,1244,487,85,1570,49,9,65,219,39,35,0.267,0.313,0.459,0.772
Reggie,Smith,7,,0,1966,1982,17,21-37,1987,8050,7033,1123,2020,363,57,314,1092,890,115,1030,33,8,86,150,137,86,0.287,0.366,0.489,0.855
Mark,Belanger,1,,0,1965,1982,18,21-38,2016,6602,5784,676,1316,175,33,20,389,576,22,839,42,155,45,83,167,75,0.228,0.3,0.28,0.58
John,Mayberry,2,,0,1968,1982,15,19-33,1620,6446,5447,733,1379,211,19,255,879,881,106,810,55,10,53,108,20,17,0.253,0.36,0.439,0.799
Willie,Montanez,1,,0,1966,1982,17,18-34,1632,6407,5843,645,1604,279,25,139,802,465,103,751,24,10,65,162,32,42,0.275,0.327,0.402,0.729
Joe,Rudi,3,,0,1967,1982,16,20-35,1547,6076,5556,684,1468,287,39,179,810,369,59,870,35,65,51,129,25,15,0.264,0.311,0.427,0.738
Del,Unser,0,,0,1968,1982,15,23-37,1799,5813,5215,617,1344,179,42,87,481,481,62,675,9,65,43,62,64,60,0.258,0.319,0.358,0.677
Jim,Spencer,1,,0,1968,1982,15,20-34,1553,5409,4908,541,1227,179,27,146,599,407,86,582,17,35,42,124,11,19,0.25,0.307,0.387,0.694
Ken,Reitz,2,,0,1972,1982,11,21-31,1344,5079,4777,366,1243,243,12,68,548,184,47,518,35,34,49,157,10,14,0.26,0.29,0.359,0.649
Larry,Hisle,2,,0,1968,1982,15,21-35,1197,4780,4205,652,1146,193,32,166,674,462,37,941,39,32,42,95,128,61,0.273,0.347,0.452,0.799
Len,Randle,0,,0,1971,1982,12,22-33,1138,4427,3950,488,1016,145,40,27,322,372,27,505,15,62,28,72,156,112,0.257,0.321,0.335,0.656
Frank,Taveras,0,,0,1971,1982,12,21-32,1150,4399,4043,503,1029,144,44,2,214,249,9,474,24,67,16,65,300,106,0.255,0.301,0.313,0.614
Manny,Mota,1,,0,1962,1982,21,24-44,1536,4227,3779,496,1149,125,52,31,438,289,43,320,28,95,36,99,50,42,0.304,0.355,0.389,0.744
John,Milner,0,,0,1971,1982,12,21-32,1215,3985,3436,455,855,140,16,131,498,504,45,473,10,7,28,87,31,22,0.249,0.344,0.413,0.757
Fred,Stanley,0,,0,1969,1982,14,21-34,816,1906,1650,197,356,38,5,10,120,196,4,243,7,47,6,28,11,6,0.216,0.301,0.263,0.564
Sal,Bando,4,,0,1966,1981,16,22-37,2019,8288,7060,982,1790,289,38,242,1039,1031,69,923,75,65,57,149,75,46,0.254,0.352,0.408,0.76
Bobby,Bonds,3,,0,1968,1981,14,22-35,1849,8090,7043,1258,1886,302,66,332,1024,914,75,1757,53,16,64,107,461,169,0.268,0.353,0.471,0.824
Freddie,Patek,3,,0,1968,1981,14,23-36,1650,6246,5530,736,1340,216,55,41,490,523,33,787,31,119,43,92,385,131,0.242,0.309,0.324,0.633
Pat,Kelly,1,,0,1967,1981,15,22-36,1385,5011,4338,620,1147,189,35,76,418,588,25,768,29,26,30,97,250,118,0.264,0.354,0.377,0.731
Jerry,Grote,2,,0,1963,1981,19,20-38,1421,4844,4339,352,1092,160,22,39,404,399,77,600,26,47,33,131,15,23,0.252,0.316,0.326,0.642
Rennie,Stennett,0,,0,1971,1981,11,20-30,1237,4810,4521,500,1239,177,41,41,432,207,41,348,16,33,33,112,75,54,0.274,0.306,0.359,0.665
Billy,North,0,,0,1971,1981,11,23-33,1169,4621,3900,640,1016,120,31,20,230,627,28,665,25,55,14,50,395,162,0.261,0.365,0.323,0.688
Mike,Lum,0,,0,1967,1981,15,21-35,1517,3999,3554,404,877,128,20,90,431,366,54,506,28,18,33,70,13,29,0.247,0.319,0.37,0.689
Mike,Tyson,0,,0,1972,1981,10,22-31,1017,3200,2959,281,714,118,28,27,269,175,56,411,14,30,22,70,23,18,0.241,0.285,0.327,0.612
John,Ellis,0,,0,1969,1981,13,20-32,883,2915,2672,259,699,116,13,69,391,190,17,403,19,4,30,82,6,10,0.262,0.312,0.392,0.704
Tom,Hutton,0,,0,1966,1981,16,20-35,952,1919,1655,196,410,63,7,22,186,234,24,140,0,20,10,50,15,21,0.248,0.339,0.334,0.673
Willie,Horton,4,,0,1963,1980,18,20-37,2028,8052,7298,873,1993,284,40,325,1163,620,95,1313,58,17,59,195,20,38,0.273,0.332,0.457,0.789
Minnie,Minoso,9,,0,1949,1980,32,23-54,1835,7710,6579,1136,1963,336,83,186,1023,814,23,584,192,68,57,185,205,130,0.298,0.389,0.459,0.848
Jose,Cardenal,0,,0,1963,1980,18,19-36,2017,7696,6964,936,1913,333,46,138,775,608,38,807,26,37,61,147,329,139,0.275,0.333,0.395,0.728
Paul,Blair,2,,0,1964,1980,17,20-36,1947,6673,6042,776,1513,282,55,134,620,449,23,877,23,108,51,126,171,93,0.25,0.302,0.382,0.684
Tim,McCarver,2,,0,1959,1980,22,17-38,1909,6206,5529,590,1501,242,57,97,645,548,119,422,30,35,64,99,61,49,0.271,0.337,0.388,0.725
Dave,Cash,3,,0,1969,1980,12,21-32,1422,6057,5554,732,1571,243,56,21,426,424,28,309,18,30,31,124,120,74,0.283,0.334,0.358,0.692
Ted,Sizemore,0,,0,1969,1980,12,24-35,1411,5648,5011,577,1311,188,21,23,430,469,60,350,20,110,38,138,59,46,0.262,0.325,0.321,0.646
Bud,Harrelson,2,,0,1965,1980,16,21-36,1533,5516,4744,539,1120,136,45,7,267,633,31,653,22,94,23,53,127,60,0.236,0.327,0.288,0.615
Ralph,Garr,1,,0,1968,1980,13,22-34,1317,5456,5108,717,1562,212,64,75,408,246,46,445,19,62,21,72,172,83,0.306,0.339,0.416,0.755
Manny,Sanguillen,3,,0,1967,1980,14,23-36,1448,5380,5062,566,1500,205,57,65,585,223,96,331,23,28,44,144,35,38,0.296,0.326,0.398,0.724
Ken,Henderson,0,,0,1965,1980,16,19-34,1444,5227,4553,595,1168,216,26,122,576,589,77,763,30,19,36,122,86,42,0.257,0.343,0.396,0.739
Roger,Metzger,0,,0,1970,1980,11,22-32,1219,4676,4201,453,972,101,71,5,254,355,34,449,8,90,22,79,83,36,0.231,0.291,0.293,0.584
Vic,Davalillo,1,,0,1963,1980,18,26-43,1458,4296,4017,509,1122,160,37,36,329,212,29,422,10,32,25,43,125,58,0.279,0.315,0.364,0.679
Elliott,Maddox,0,,0,1970,1980,11,22-32,1029,3340,2843,360,742,121,16,18,234,409,21,358,34,30,24,69,60,54,0.261,0.358,0.334,0.692
Bernie,Carbo,0,,0,1969,1980,12,21-32,1010,3320,2733,372,722,140,9,96,358,538,50,611,19,13,17,58,26,18,0.264,0.387,0.427,0.814
Eric,Soderholm,0,,0,1971,1980,10,22-31,894,3251,2894,402,764,120,14,102,383,295,15,359,22,21,19,90,18,21,0.264,0.335,0.421,0.756
Merv,Rettenmund,0,,0,1968,1980,13,25-37,1023,3074,2555,393,693,114,16,66,329,445,15,382,18,36,20,65,68,28,0.271,0.381,0.406,0.787
Fred,Kendall,0,,0,1969,1980,12,20-31,877,2823,2576,170,603,86,11,31,244,189,29,240,6,27,25,83,5,5,0.234,0.285,0.312,0.597
Dave,Rader,0,,0,1971,1980,10,22-31,846,2702,2405,254,619,107,12,30,235,245,64,180,11,19,22,79,8,4,0.257,0.326,0.349,0.675
Von,Joshua,0,,0,1969,1980,12,21-32,822,2375,2234,277,610,87,31,30,184,108,20,338,3,15,15,43,55,40,0.273,0.306,0.38,0.686
Willie,Davis,2,,0,1960,1979,20,20-39,2429,9822,9174,1217,2561,395,138,182,1053,418,75,977,51,83,96,128,398,131,0.279,0.311,0.412,0.723
Don,Kessinger,6,,0,1964,1979,16,21-36,2078,8529,7651,899,1931,254,80,14,527,684,69,759,22,132,40,132,100,85,0.252,0.314,0.312,0.626
George,Scott,3,,0,1966,1979,14,22-35,2034,8269,7433,957,1992,306,60,271,1051,699,85,1418,53,22,62,277,69,57,0.268,0.333,0.435,0.768
Roy,White,2,,0,1965,1979,15,21-35,1881,7735,6650,964,1803,300,51,160,758,934,66,708,29,53,69,123,233,117,0.271,0.36,0.404,0.764
Rico,Carty,1,,0,1963,1979,17,23-39,1651,6318,5606,712,1677,278,17,204,890,642,65,663,13,3,54,206,21,26,0.299,0.369,0.464,0.833
Ed,Kranepool,1,,0,1962,1979,18,17-34,1853,5997,5436,536,1418,225,25,118,614,454,89,581,14,35,58,138,15,27,0.261,0.316,0.377,0.693
Thurman,Munson,7,,0,1969,1979,11,22-32,1423,5903,5344,696,1558,229,32,113,701,438,59,571,42,21,58,160,48,50,0.292,0.346,0.41,0.756
Bobby,Tolan,0,,0,1965,1979,15,19-33,1282,4664,4238,572,1121,173,34,86,497,258,27,587,65,64,39,91,193,100,0.265,0.314,0.382,0.696
Jesus,Alou,0,,0,1963,1979,17,21-37,1380,4577,4345,448,1216,170,26,32,377,138,32,267,30,44,20,143,31,46,0.28,0.305,0.353,0.658
Ray,Fosse,2,,0,1967,1979,13,20-32,924,3226,2957,299,758,117,13,61,324,203,35,363,18,28,20,82,15,19,0.256,0.306,0.367,0.673
Frank,Duffy,0,,0,1970,1979,10,23-32,915,2924,2665,248,619,104,14,26,240,171,7,342,8,68,12,69,49,30,0.232,0.279,0.311,0.59
Bob,Robertson,0,,0,1967,1979,13,20-32,829,2742,2385,283,578,93,10,115,368,317,18,546,13,1,26,51,7,9,0.242,0.331,0.434,0.765
Gene,Clines,0,,0,1970,1979,10,23-32,870,2556,2328,314,645,85,24,5,187,169,7,291,19,26,14,66,71,40,0.277,0.329,0.341,0.67
Darrel,Chaney,0,,0,1969,1979,11,21-31,915,2401,2113,237,458,75,17,14,190,238,43,471,4,34,12,30,19,18,0.217,0.296,0.288,0.584
Ron,Fairly,2,,0,1958,1978,21,19-39,2442,8437,7184,931,1913,307,33,215,1044,1052,129,877,40,96,65,157,35,33,0.266,0.36,0.408,0.768
Jim,Fregosi,6,,0,1961,1978,18,19-36,1902,7402,6523,844,1726,264,78,151,706,715,48,1097,32,79,53,125,76,40,0.265,0.338,0.398,0.736
Bob,Bailey,0,,0,1962,1978,17,19-35,1931,7043,6082,772,1564,234,43,189,773,852,67,1126,17,40,52,195,85,83,0.257,0.347,0.403,0.75
Tito,Fuentes,0,,0,1965,1978,14,21-34,1499,6073,5566,610,1491,211,46,45,438,298,23,561,33,133,43,107,80,47,0.268,0.307,0.347,0.654
Mickey,Stanley,0,,0,1964,1978,15,21-35,1516,5477,5022,641,1243,201,48,117,500,371,32,564,8,42,34,133,44,23,0.248,0.298,0.377,0.675
Davey,Johnson,4,,0,1965,1978,14,22-35,1435,5465,4797,564,1252,242,18,136,609,559,57,675,40,26,43,126,33,25,0.261,0.34,0.404,0.744
Sandy,Alomar,0,,0,1964,1978,15,20-34,1481,5160,4760,558,1168,126,19,13,282,302,17,482,3,77,18,58,227,80,0.245,0.29,0.288,0.578
Dave,May,1,,0,1967,1978,12,23-34,1252,4085,3670,462,920,130,20,96,422,344,41,501,28,25,18,91,60,47,0.251,0.318,0.375,0.693
Wayne,Garrett,0,,0,1969,1978,10,21-30,1092,3913,3285,438,786,107,22,61,340,561,50,529,12,32,23,50,38,30,0.239,0.35,0.341,0.691
Marty,Perez,0,,0,1969,1978,10,22-31,931,3462,3131,313,771,108,22,22,241,245,10,369,10,56,20,100,11,17,0.246,0.301,0.316,0.617
Gary,Sutherland,0,,0,1966,1978,13,21-33,1031,3385,3104,308,754,109,10,24,239,207,20,219,10,46,18,85,11,24,0.243,0.291,0.308,0.599
Cito,Gaston,1,,0,1967,1978,12,23-34,1026,3339,3120,314,799,106,30,91,387,185,14,693,9,10,15,85,13,7,0.256,0.298,0.397,0.695
Ed,Herrmann,1,,0,1967,1978,12,20-31,922,3057,2729,247,654,92,4,80,320,260,55,361,29,15,24,76,6,8,0.24,0.31,0.364,0.674
Andy,Etchebarren,2,,0,1962,1978,17,19-35,948,2934,2618,245,615,101,17,49,309,246,41,529,31,20,19,84,13,14,0.235,0.306,0.343,0.649
Joe,Lahoud,0,,0,1968,1978,11,21-31,791,2261,1925,239,429,68,12,65,218,309,21,339,16,6,5,38,20,20,0.223,0.334,0.372,0.706
Joe,Torre,9,,0,1960,1977,18,19-36,2209,8801,7874,996,2342,344,59,252,1185,779,127,1094,85,13,50,284,23,29,0.297,0.365,0.452,0.817
Jimmy,Wynn,3,,0,1963,1977,15,21-35,1920,8010,6653,1105,1665,285,39,291,964,1224,84,1427,27,32,74,117,225,101,0.25,0.366,0.436,0.802
Boog,Powell,4,,0,1961,1977,17,19-35,2042,7810,6681,889,1776,270,11,339,1187,1001,140,1226,29,27,72,164,20,21,0.266,0.361,0.462,0.823
Dick,Allen,7,,0,1963,1977,15,21-35,1749,7314,6332,1099,1848,320,79,351,1119,894,138,1556,16,19,53,164,133,52,0.292,0.378,0.534,0.912
Cookie,Rojas,5,,0,1962,1977,16,23-38,1822,6871,6309,714,1660,254,25,54,593,396,30,489,20,87,59,181,74,68,0.263,0.306,0.337,0.643
Felix,Millan,3,,0,1966,1977,12,22-33,1480,6325,5791,699,1617,229,38,22,403,318,40,242,63,121,32,146,67,43,0.279,0.322,0.343,0.665
Doug,Rader,0,,0,1967,1977,11,22-32,1465,5832,5186,631,1302,245,39,155,722,528,51,1055,40,27,51,142,37,33,0.251,0.322,0.403,0.725
Ken,McMullen,0,,0,1962,1977,16,20-35,1583,5730,5131,568,1273,172,26,156,606,510,47,815,17,34,38,134,20,19,0.248,0.316,0.383,0.699
Tommy,Helms,2,,0,1964,1977,14,23-36,1435,5333,4997,414,1342,223,21,34,477,231,60,301,15,48,42,126,33,40,0.269,0.3,0.342,0.642
Carlos,May,2,,0,1968,1977,10,20-29,1165,4723,4120,545,1127,172,23,90,536,512,63,565,45,7,39,112,85,53,0.274,0.357,0.392,0.749
Bill,Melton,1,,0,1968,1977,10,22-31,1144,4557,3971,496,1004,162,9,160,591,479,29,669,44,20,43,94,23,24,0.253,0.337,0.419,0.756
Ollie,Brown,0,,0,1965,1977,13,21-33,1221,4012,3642,404,964,144,11,102,454,314,45,616,17,16,23,97,30,27,0.265,0.324,0.394,0.718
Ed,Kirkpatrick,0,,0,1962,1977,16,17-32,1311,4009,3467,411,824,143,18,85,424,456,70,518,22,25,39,70,34,39,0.238,0.327,0.363,0.69
Willie,Crawford,0,,0,1964,1977,14,17-30,1210,3925,3435,507,921,152,35,86,419,431,55,664,9,22,28,57,47,36,0.268,0.349,0.408,0.757
Randy,Hundley,1,,0,1964,1977,14,22-35,1061,3797,3442,311,813,118,13,82,381,271,41,565,13,44,27,92,12,17,0.236,0.292,0.35,0.642
George,Mitterwald,0,,0,1966,1977,12,21-32,887,2919,2645,251,623,93,7,76,301,222,38,607,13,16,23,76,14,17,0.236,0.296,0.362,0.658
Dave,Nelson,1,,0,1968,1977,10,24-33,813,2875,2578,340,630,77,19,20,211,220,10,392,13,48,16,51,187,73,0.244,0.305,0.312,0.617
Ken,Boswell,0,,0,1967,1977,11,21-31,930,2816,2517,266,625,91,19,31,244,240,29,239,9,25,25,90,27,17,0.248,0.313,0.337,0.65
Mike,Hegan,1,,0,1964,1977,14,21-34,966,2444,2080,281,504,73,18,53,229,311,19,489,7,31,15,29,28,21,0.242,0.341,0.371,0.712
Phil,Roof,0,,0,1961,1977,17,20-36,857,2404,2151,190,463,69,13,43,210,184,18,504,23,40,6,68,11,10,0.215,0.283,0.319,0.602
Tony,Taylor,2,,0,1958,1976,19,22-40,2195,8501,7680,1005,2007,298,86,75,598,613,49,1083,78,91,39,166,234,111,0.261,0.321,0.352,0.673
Tommy,Davis,3,,0,1959,1976,18,20-37,1999,7739,7223,811,2121,272,35,153,1052,381,66,754,32,35,68,219,136,59,0.294,0.329,0.405,0.734
Tommy,Harper,1,,0,1962,1976,15,21-35,1810,7164,6269,972,1609,256,36,146,567,753,30,1080,35,76,31,87,408,116,0.257,0.338,0.379,0.717
Bill,Freehan,11,,0,1961,1976,16,19-34,1774,6899,6073,706,1591,241,35,200,758,626,67,753,114,38,48,138,24,21,0.262,0.34,0.412,0.752
Tony,Oliva,8,,0,1962,1976,15,23-37,1676,6879,6301,870,1917,329,48,220,947,448,131,645,59,14,57,139,86,55,0.304,0.353,0.476,0.829
Deron,Johnson,0,,0,1960,1976,17,21-37,1765,6620,5941,706,1447,247,33,245,923,585,54,1318,20,13,61,164,11,18,0.244,0.311,0.42,0.731
Cesar,Tovar,0,,0,1965,1976,12,24-35,1488,6177,5569,834,1546,253,55,46,435,413,23,410,88,73,34,58,226,108,0.278,0.335,0.368,0.703
Rico,Petrocelli,2,,0,1963,1976,14,20-33,1553,6170,5390,653,1352,237,22,210,773,661,61,926,26,36,57,127,10,22,0.251,0.332,0.42,0.752
Alex,Johnson,1,,0,1964,1976,13,21-33,1322,4948,4623,550,1331,180,33,78,525,244,43,626,36,12,33,143,113,63,0.288,0.326,0.392,0.718
Cleon,Jones,1,,0,1963,1976,14,20-33,1213,4730,4263,565,1196,183,33,93,524,360,42,702,40,26,41,108,91,48,0.281,0.339,0.404,0.743
Nate,Colbert,3,,0,1966,1976,11,20-30,1004,3863,3422,481,833,141,25,173,520,383,55,902,23,10,25,82,52,31,0.243,0.322,0.451,0.773
Dave,Duncan,1,,0,1964,1976,13,18-30,929,3190,2885,274,617,79,4,109,341,252,20,677,14,21,18,68,5,13,0.214,0.279,0.357,0.636
Ted,Kubiak,0,,0,1967,1976,10,25-34,977,2783,2447,238,565,61,21,13,202,271,36,272,4,45,16,70,13,22,0.231,0.307,0.289,0.596
Vada,Pinson,4,,0,1958,1975,18,19-36,2469,10403,9645,1366,2757,485,127,256,1170,574,69,1196,54,52,78,164,305,122,0.286,0.327,0.442,0.769
Leo,Cardenas,5,,0,1960,1975,16,21-36,1941,7402,6707,662,1725,285,49,118,689,522,122,1135,28,97,48,174,39,48,0.257,0.311,0.367,0.678
Dick,McAuliffe,3,,0,1960,1975,16,20-35,1763,7162,6185,888,1530,231,71,197,697,882,59,974,33,32,30,77,63,59,0.247,0.343,0.403,0.746
Ed,Brinkman,1,,0,1961,1975,15,19-33,1846,6640,6045,550,1355,201,38,60,461,444,44,845,40,71,40,162,30,35,0.224,0.28,0.3,0.58
Glenn,Beckert,4,,0,1965,1975,11,24-34,1320,5572,5208,685,1473,196,31,22,360,260,3,243,19,58,27,114,49,25,0.283,0.318,0.345,0.663
Jim,Northrup,0,,0,1964,1975,12,24-35,1392,5215,4692,603,1254,218,42,153,610,449,50,635,30,15,29,128,39,38,0.267,0.333,0.429,0.762
Johnny,Briggs,0,,0,1964,1975,12,20-31,1366,4837,4117,601,1041,170,43,139,507,663,47,785,5,22,30,54,64,49,0.253,0.355,0.416,0.771
Danny,Cater,0,,0,1964,1975,12,24-35,1289,4785,4451,491,1229,191,29,66,519,254,33,406,22,22,36,160,26,30,0.276,0.316,0.377,0.693
Ken,Berry,1,,0,1962,1975,14,21-34,1384,4545,4136,422,1053,150,23,58,343,298,31,569,30,64,17,108,45,46,0.255,0.308,0.344,0.652
Tommy,McCraw,0,,0,1963,1975,13,22-34,1468,4396,3956,484,972,150,42,75,404,332,48,544,40,42,26,70,143,68,0.246,0.309,0.362,0.671
Dal,Maxvill,0,,0,1962,1975,14,23-36,1423,3898,3443,302,748,79,24,6,252,370,49,538,8,54,23,94,7,11,0.217,0.293,0.259,0.552
Tony,Conigliaro,1,,0,1964,1975,12,19-30,876,3591,3221,464,849,139,23,166,516,287,28,629,33,19,31,63,20,23,0.264,0.327,0.476,0.803
Bob,Oliver,0,,0,1965,1975,11,22-32,847,3123,2914,293,745,102,19,94,419,156,26,562,19,9,25,101,17,14,0.256,0.295,0.4,0.695
Gene,Michael,0,,0,1966,1975,10,28-37,973,3095,2806,249,642,86,12,15,226,234,18,421,8,30,17,73,22,18,0.229,0.288,0.284,0.572
Walt,Williams,0,,0,1964,1975,12,20-31,842,2555,2373,284,640,106,11,33,173,126,7,211,18,25,13,45,34,19,0.27,0.31,0.365,0.675
Gates,Brown,0,,0,1963,1975,13,24-36,1051,2545,2262,330,582,78,19,84,322,242,18,275,15,5,21,54,30,8,0.257,0.33,0.42,0.75
Ron,Santo,9,,0,1960,1974,15,20-34,2243,9396,8143,1138,2254,365,67,342,1331,1108,94,1343,38,13,94,256,35,41,0.277,0.362,0.464,0.826
Norm,Cash,5,,0,1958,1974,17,23-39,2089,7910,6705,1046,1820,241,41,377,1103,1043,112,1091,90,17,55,139,43,30,0.271,0.374,0.488,0.862
Felipe,Alou,3,,0,1958,1974,17,23-39,2082,7908,7339,985,2101,359,49,206,852,423,67,706,57,33,56,135,107,67,0.286,0.328,0.433,0.761
Matty,Alou,2,,0,1960,1974,15,21-35,1667,6220,5789,780,1777,236,50,31,427,311,38,377,36,55,29,101,156,80,0.307,0.345,0.381,0.726
Ron,Hunt,2,,0,1963,1974,12,22-33,1483,6158,5235,745,1429,223,23,39,370,555,22,382,243,103,22,100,65,55,0.273,0.368,0.347,0.715
Denis,Menke,2,,0,1962,1974,13,21-33,1598,5934,5071,605,1270,225,40,101,606,698,73,853,46,54,65,99,34,54,0.25,0.343,0.37,0.713
Horace,Clarke,0,,0,1965,1974,10,25-34,1272,5242,4813,548,1230,150,23,27,304,365,18,362,11,29,24,77,151,58,0.256,0.308,0.313,0.621
Johnny,Edwards,3,,0,1961,1974,14,23-36,1470,5132,4577,430,1106,202,32,81,524,465,118,635,16,31,43,77,15,23,0.242,0.311,0.353,0.664
Jim,Hickman,1,,0,1962,1974,13,25-37,1421,4535,3974,518,1002,163,25,159,560,491,36,832,16,25,29,99,17,19,0.252,0.335,0.426,0.761
Dick,Green,0,,0,1963,1974,12,22-33,1288,4462,4007,427,960,145,23,80,422,345,34,785,32,56,22,99,26,20,0.24,0.303,0.347,0.65
Jim Ray,Hart,0,,0,1963,1974,12,21-32,1125,4236,3783,518,1052,148,29,170,578,380,49,573,28,8,37,122,17,17,0.278,0.345,0.467,0.812
Paul,Schaal,0,,0,1964,1974,11,21-31,1128,4149,3555,436,869,132,26,57,323,516,21,466,22,26,30,80,43,38,0.244,0.341,0.344,0.685
Larry,Brown,0,,0,1963,1974,12,23-34,1129,3871,3449,331,803,108,13,47,254,317,26,414,22,60,23,95,22,23,0.233,0.3,0.313,0.613
Rick,Reichardt,0,,0,1964,1974,11,21-31,997,3685,3307,391,864,109,24,116,445,263,20,672,66,25,24,92,40,41,0.261,0.326,0.414,0.74
Sonny,Jackson,0,,0,1963,1974,12,18-29,936,3390,3055,396,767,81,28,7,162,250,11,265,11,57,17,52,126,51,0.251,0.308,0.303,0.611
Paul,Casanova,1,,0,1965,1974,10,23-32,859,2930,2786,214,627,87,12,50,252,101,25,430,9,10,24,78,2,10,0.225,0.252,0.319,0.571
Duke,Sims,0,,0,1964,1974,11,23-33,843,2810,2422,263,580,80,6,100,310,338,34,483,35,6,9,45,6,16,0.239,0.34,0.401,0.741
John,Kennedy,0,,0,1962,1974,13,21-33,856,2324,2110,237,475,77,17,32,185,142,10,461,25,36,11,48,14,10,0.225,0.281,0.323,0.604
Johnny,Callison,4,,0,1958,1973,16,19-34,1886,7437,6652,926,1757,321,89,226,840,650,73,1064,41,51,43,98,74,51,0.264,0.331,0.441,0.772
Frank,Howard,4,,0,1958,1973,16,21-36,1895,7353,6488,864,1774,245,35,382,1119,782,135,1460,33,7,43,219,8,9,0.273,0.352,0.499,0.851
Joe,Pepitone,3,,0,1962,1973,12,21-32,1397,5476,5097,606,1315,158,35,219,721,302,73,526,28,14,35,124,41,32,0.258,0.301,0.432,0.733
Gene,Alley,2,,0,1963,1973,11,22-32,1195,4332,3927,442,999,140,44,55,342,300,62,622,27,56,22,95,63,30,0.254,0.31,0.354,0.664
Tommie,Agee,2,,0,1962,1973,12,19-30,1129,4324,3912,558,999,170,27,130,433,342,26,918,34,21,15,99,167,81,0.255,0.32,0.412,0.732
Jose,Pagan,0,,0,1959,1973,15,24-38,1326,4032,3689,387,922,138,26,52,372,244,43,510,22,39,38,81,46,35,0.25,0.298,0.344,0.642
Hal,Lanier,0,,0,1964,1973,10,21-30,1196,3940,3703,297,843,111,20,8,273,136,25,436,4,78,19,135,11,11,0.228,0.255,0.275,0.53
Bernie,Allen,0,,0,1962,1973,12,23-34,1139,3823,3404,357,815,140,21,73,351,370,52,424,8,24,17,60,13,16,0.239,0.314,0.357,0.671
Rich,Reese,0,,0,1964,1973,10,22-31,866,2225,2020,248,512,73,17,52,245,158,22,270,20,11,16,36,16,15,0.253,0.312,0.384,0.696
Jimmy,Stewart,0,,0,1963,1973,11,24-34,777,1602,1420,164,336,45,14,8,112,139,9,218,8,22,13,18,38,20,0.237,0.306,0.305,0.611
Maury,Wills,7,,0,1959,1972,14,26-39,1942,8304,7588,1067,2134,177,71,20,458,552,26,684,16,119,29,92,586,208,0.281,0.33,0.331,0.661
Julian,Javier,2,,0,1960,1972,13,23-35,1622,6179,5722,722,1469,216,55,78,506,314,39,812,21,90,32,100,135,63,0.257,0.296,0.355,0.651
Don,Buford,1,,0,1963,1972,10,26-35,1286,5347,4553,718,1203,157,44,93,418,672,57,575,41,47,34,34,200,105,0.264,0.362,0.379,0.741
Donn,Clendenon,0,,0,1961,1972,12,25-36,1362,5112,4648,594,1273,192,57,159,682,379,46,1140,21,17,47,123,90,57,0.274,0.328,0.442,0.77
Ron,Hansen,3,,0,1958,1972,15,20-34,1384,4961,4311,446,1007,156,17,106,501,551,49,643,19,39,41,141,9,14,0.234,0.32,0.351,0.671
Don,Mincher,2,,0,1960,1972,13,22-34,1400,4725,4026,530,1003,176,16,200,643,606,76,668,27,29,37,89,24,32,0.249,0.348,0.45,0.798
Tom,Haller,2,,0,1961,1972,12,24-35,1294,4519,3935,461,1011,153,31,134,504,477,96,593,35,35,37,60,14,30,0.257,0.34,0.414,0.754
John,Bateman,0,,0,1963,1972,10,22-31,1017,3585,3330,250,765,123,18,81,375,172,69,610,27,25,31,123,10,10,0.23,0.271,0.35,0.621
Bobby,Wine,0,,0,1960,1972,13,21-33,1164,3467,3172,249,682,104,16,30,268,214,53,538,3,63,15,103,7,7,0.215,0.264,0.286,0.55
Joe,Azcue,1,,0,1960,1972,13,20-32,909,3095,2828,201,712,94,9,50,304,207,45,344,17,11,32,87,5,12,0.252,0.304,0.344,0.648
J.C.,Martin,0,,0,1959,1972,14,22-35,908,2446,2189,189,487,82,12,32,230,201,53,299,17,22,17,36,9,8,0.222,0.291,0.315,0.606
Curt,Flood,3,,0,1956,1971,16,18-33,1759,6958,6357,851,1861,271,44,85,636,444,22,609,52,72,33,117,88,73,0.293,0.342,0.389,0.731
Clete,Boyer,0,,0,1955,1971,17,18-34,1725,6365,5780,645,1396,200,33,162,654,470,74,931,25,37,53,136,41,28,0.242,0.299,0.372,0.671
Tony,Gonzalez,0,,0,1960,1971,12,23-34,1559,5793,5195,690,1485,238,57,103,615,467,63,706,71,20,40,124,79,61,0.286,0.35,0.413,0.763
Zoilo,Versalles,2,,0,1959,1971,13,19-31,1400,5578,5141,650,1246,230,63,95,471,318,26,810,40,50,29,92,97,48,0.242,0.29,0.367,0.657
Bob,Aspromonte,0,,0,1956,1971,16,18-33,1324,4799,4369,386,1103,135,26,60,457,333,52,459,29,36,32,131,19,24,0.252,0.308,0.336,0.644
Chuck,Hinton,1,,0,1961,1971,11,27-37,1353,4455,3968,518,1048,152,47,113,443,416,27,685,7,28,36,91,130,50,0.264,0.332,0.412,0.744
Lee,Maye,0,,0,1959,1971,13,24-36,1288,4382,4048,533,1109,190,39,94,419,282,29,481,19,13,20,54,59,34,0.274,0.323,0.41,0.733
Mike,Hershberger,0,,0,1961,1971,11,21-31,1150,3983,3572,398,900,150,22,26,344,319,19,311,31,33,28,100,74,36,0.252,0.316,0.328,0.644
Mack,Jones,0,,0,1961,1971,11,22-32,1002,3584,3091,485,778,132,31,133,415,383,31,756,77,15,18,49,65,40,0.252,0.347,0.444,0.791
Dick,Schofield,0,,0,1953,1971,19,18-36,1321,3545,3083,394,699,113,20,21,211,390,18,526,26,29,17,56,12,29,0.227,0.317,0.297,0.614
Clay,Dalrymple,0,,0,1960,1971,12,23-34,1079,3532,3042,243,710,98,23,55,327,387,77,403,22,54,27,66,3,13,0.233,0.322,0.335,0.657
Al,Spangler,0,,0,1959,1971,13,25-37,912,2615,2267,307,594,87,26,21,175,295,23,234,11,23,19,20,37,32,0.262,0.347,0.351,0.698
Ty,Cline,0,,0,1960,1971,12,21-32,892,2039,1834,251,437,53,25,6,125,153,5,262,21,27,4,19,22,19,0.238,0.304,0.304,0.608
Al,Weis,0,,0,1962,1971,10,24-33,800,1763,1578,195,346,45,11,7,115,117,11,299,14,45,9,24,55,22,0.219,0.278,0.275,0.553
Bob,Allison,3,,0,1958,1970,13,23-35,1541,5921,5032,811,1281,216,53,256,796,795,30,1033,34,25,35,115,84,50,0.255,0.358,0.471,0.829
Tito,Francona,1,,0,1956,1970,15,22-36,1719,5776,5121,650,1395,224,34,125,656,544,59,694,32,38,41,103,46,21,0.272,0.343,0.403,0.746
Johnny,Roseboro,6,,0,1957,1970,14,24-37,1585,5527,4847,512,1206,190,44,104,548,547,110,677,36,44,53,76,67,56,0.249,0.326,0.371,0.697
Jim,Davenport,2,,0,1958,1970,13,24-36,1501,4981,4427,552,1142,177,37,77,456,382,23,673,23,111,38,104,16,25,0.258,0.318,0.367,0.685
Jerry,Adair,0,,0,1958,1970,13,21-33,1165,4315,4019,378,1022,163,19,57,366,208,31,499,17,41,30,149,29,29,0.254,0.292,0.347,0.639
Russ,Snyder,0,,0,1959,1970,12,25-36,1365,4014,3631,488,984,150,29,42,319,294,10,438,9,57,23,61,58,32,0.271,0.325,0.363,0.688
Rich,Rollins,2,,0,1961,1970,10,23-32,1002,3675,3303,419,887,125,20,77,399,266,23,410,39,45,22,80,17,10,0.269,0.328,0.388,0.716
Gary,Geiger,0,,0,1958,1970,13,21-33,954,2968,2569,388,633,91,29,77,283,341,13,466,17,27,14,34,62,29,0.246,0.337,0.394,0.731
Bob,Johnson,0,,0,1960,1970,11,24-34,874,2508,2307,254,628,88,11,44,230,156,12,291,10,24,11,76,24,12,0.272,0.32,0.377,0.697
Ken,Boyer,11,,0,1955,1969,15,24-38,2034,8268,7455,1104,2143,318,68,282,1141,713,97,1017,20,17,63,185,105,77,0.287,0.349,0.462,0.811
Bill,White,8,,0,1956,1969,14,22-35,1673,6680,5972,843,1706,278,65,202,870,596,70,927,28,39,45,82,103,68,0.286,0.351,0.455,0.806
Leon,Wagner,3,,0,1958,1969,12,24-35,1352,4950,4426,636,1202,150,15,211,669,435,64,656,43,11,35,61,54,24,0.272,0.34,0.455,0.795
Woodie,Held,0,,0,1954,1969,16,22-37,1390,4645,4019,524,963,150,22,179,559,508,45,944,56,34,28,92,14,11,0.24,0.331,0.421,0.752
Dick,Stuart,2,,0,1958,1969,12,25-36,1112,4363,3997,506,1055,157,30,228,743,301,34,957,22,6,37,118,2,7,0.264,0.316,0.489,0.805
Jim,Pagliaroni,0,,0,1955,1969,15,17-31,849,2853,2465,269,622,98,7,90,326,330,39,494,25,14,19,61,4,7,0.252,0.344,0.407,0.751
Charley,Smith,0,,0,1960,1969,10,22-31,771,2686,2484,228,594,83,18,69,281,130,19,565,14,38,20,60,7,12,0.239,0.279,0.37,0.649
Gene,Oliver,0,,0,1959,1969,11,24-34,786,2467,2216,268,546,111,5,93,320,215,22,420,15,5,16,62,24,21,0.246,0.315,0.427,0.742
Ruben,Amaro,0,,0,1958,1969,12,22-33,940,2451,2155,211,505,75,13,8,156,227,24,280,10,47,12,53,11,14,0.234,0.309,0.292,0.601
Rocky,Colavito,9,,0,1955,1968,14,21-34,1841,7559,6503,971,1730,283,21,374,1159,951,58,880,29,16,60,182,19,27,0.266,0.359,0.489,0.848
Bill,Virdon,0,,0,1955,1968,14,24-37,1583,6522,5980,735,1596,237,81,91,502,442,41,647,8,53,39,84,47,54,0.267,0.316,0.379,0.695
Roger,Maris,4,,0,1957,1968,12,22-33,1463,5846,5101,826,1325,195,42,275,851,652,42,733,38,12,43,75,21,9,0.26,0.345,0.476,0.821
Elston,Howard,12,,0,1955,1968,14,26-39,1605,5843,5363,619,1471,218,50,167,762,373,82,786,26,29,52,157,9,14,0.274,0.322,0.427,0.749
Norm,Siebern,4,,0,1956,1968,13,22-34,1406,5267,4481,662,1217,206,38,132,636,708,47,748,10,20,48,64,18,25,0.272,0.369,0.423,0.792
Wayne,Causey,0,,0,1955,1968,14,18-31,1105,3721,3244,357,819,130,26,35,285,390,25,341,15,41,31,59,12,12,0.252,0.333,0.341,0.674
Lenny,Green,0,,0,1957,1968,12,24-35,1136,3398,2956,461,788,138,27,47,253,368,12,260,29,25,20,43,78,41,0.267,0.351,0.379,0.73
Russ,Nixon,0,,0,1957,1968,12,22-33,906,2714,2504,215,670,115,19,27,266,154,38,279,11,19,26,83,0,7,0.268,0.31,0.361,0.671
Dick,Groat,8,,0,1952,1967,16,21-36,1929,8179,7484,829,2138,352,67,39,707,490,39,512,31,122,52,220,14,27,0.286,0.33,0.366,0.696
Jim,Piersall,2,,0,1950,1967,18,20-37,1734,6591,5890,811,1604,256,52,104,591,524,23,583,25,104,48,161,115,57,0.272,0.332,0.386,0.718
Bill,Skowron,8,,0,1954,1967,14,23-36,1658,6046,5547,681,1566,243,53,211,888,383,48,870,54,17,45,192,16,18,0.282,0.332,0.459,0.791
Jerry,Lumpe,1,,0,1956,1967,12,23-34,1371,5441,4912,620,1314,190,52,47,454,428,21,411,8,57,36,97,20,15,0.268,0.325,0.356,0.681
Jim,Landis,2,,0,1957,1967,11,23-33,1346,5025,4288,625,1061,169,50,93,467,588,22,767,59,61,29,65,139,51,0.247,0.344,0.375,0.719
Smoky,Burgess,9,,0,1949,1967,19,22-40,1691,5013,4471,485,1318,230,33,126,673,477,80,270,13,13,39,121,13,14,0.295,0.362,0.446,0.808
Jackie,Brandt,2,,0,1956,1967,12,22-33,1221,4318,3895,540,1020,175,37,112,485,351,20,574,12,31,29,75,45,30,0.262,0.323,0.412,0.735
Eddie,Bressoud,1,,0,1956,1967,12,24-35,1186,4106,3672,443,925,184,40,94,365,359,44,723,12,38,25,74,9,13,0.252,0.319,0.401,0.72
Earl,Battey,5,,0,1955,1967,13,20-32,1141,4104,3586,393,969,150,17,104,449,421,42,470,28,39,30,127,13,12,0.27,0.349,0.409,0.758
Don,Demeter,0,,0,1956,1967,12,21-32,1109,3730,3443,467,912,147,17,163,563,180,31,658,42,33,32,65,22,25,0.265,0.307,0.459,0.766
Jim,King,0,,0,1955,1967,13,22-34,1125,3337,2918,374,699,112,19,117,401,363,35,401,23,11,22,55,23,8,0.24,0.326,0.411,0.737
Johnny,Romano,4,,0,1958,1967,10,23-32,905,3256,2767,355,706,112,10,129,417,414,27,485,29,13,33,69,7,9,0.255,0.354,0.443,0.797
Andre,Rodgers,0,,0,1957,1967,11,22-32,854,2871,2521,268,628,112,23,45,245,290,26,507,18,21,21,67,22,20,0.249,0.328,0.365,0.693
Bob,Lillis,0,,0,1958,1967,10,28-37,817,2491,2328,198,549,68,9,3,137,99,13,116,13,40,11,61,23,25,0.236,0.27,0.277,0.547
Jim,Gilliam,2,,0,1953,1966,14,24-37,1956,8321,7119,1163,1889,304,71,65,558,1036,30,416,33,98,35,90,203,111,0.265,0.36,0.355,0.715
Roy,McMillan,2,,0,1951,1966,16,21-36,2093,7653,6752,739,1639,253,35,68,594,665,47,711,57,140,39,163,41,36,0.243,0.314,0.321,0.635
Harvey,Kuenn,10,,0,1952,1966,15,21-35,1833,7618,6913,951,2092,356,56,87,671,594,39,404,15,44,52,143,68,56,0.303,0.357,0.408,0.765
Joe,Adcock,2,,0,1950,1966,17,22-38,1959,7304,6606,823,1832,295,35,336,1122,594,55,1059,17,52,35,223,20,25,0.277,0.337,0.485,0.822
Frank,Thomas,3,,0,1951,1966,16,22-37,1766,6916,6285,792,1671,262,31,286,962,484,55,894,51,26,70,191,15,22,0.266,0.32,0.454,0.774
Frank,Bolling,4,,0,1954,1966,13,22-34,1540,6189,5562,692,1415,221,40,106,556,462,28,558,30,97,38,114,40,38,0.254,0.313,0.366,0.679
Don,Blasingame,1,,0,1955,1966,12,23-34,1444,5938,5296,731,1366,178,62,21,308,552,15,462,15,62,13,43,105,60,0.258,0.329,0.327,0.656
Frank,Malzone,8,,0,1955,1966,12,25-36,1441,5868,5428,647,1486,239,21,133,728,337,26,434,17,31,55,165,14,14,0.274,0.315,0.399,0.714
Bobby,Richardson,8,,0,1955,1966,12,19-30,1412,5783,5386,643,1432,196,37,34,390,262,20,243,7,98,30,100,73,48,0.266,0.299,0.335,0.634
Del,Crandall,11,,0,1949,1966,18,19-36,1573,5581,5026,585,1276,179,18,179,657,424,95,477,21,68,42,162,26,28,0.254,0.312,0.404,0.716
Hector,Lopez,0,,0,1955,1966,12,25-36,1450,5177,4644,623,1251,193,37,136,591,418,24,696,23,48,44,136,16,23,0.269,0.33,0.415,0.745
Bob,Skinner,3,,0,1954,1966,13,22-34,1381,4873,4318,642,1198,197,58,103,531,485,53,646,17,33,20,81,67,36,0.277,0.351,0.421,0.772
Ed,Bailey,6,,0,1953,1966,14,22-35,1212,4208,3581,432,915,128,15,155,540,545,77,577,25,20,37,81,17,18,0.256,0.355,0.429,0.784
Joe,Cunningham,2,,0,1954,1966,13,22-34,1141,4061,3362,525,980,177,26,64,436,599,31,369,49,26,25,56,16,27,0.291,0.403,0.417,0.82
Eddie,Kasko,2,,0,1957,1966,10,25-34,1077,3879,3546,411,935,146,13,22,261,265,33,353,20,27,21,77,31,31,0.264,0.317,0.331,0.648
Gene,Freese,0,,0,1955,1966,12,21-32,1115,3784,3446,429,877,161,28,115,432,243,28,535,20,48,27,75,51,26,0.254,0.305,0.418,0.723
Jim,Gentile,6,,0,1957,1966,10,23-32,936,3479,2922,434,759,113,6,179,549,475,54,663,45,5,32,69,3,1,0.26,0.368,0.486,0.854
Wes,Covington,0,,0,1956,1966,11,24-34,1075,3291,2978,355,832,128,17,131,499,247,51,414,24,16,26,73,7,4,0.279,0.337,0.466,0.803
Jerry,Lynch,0,,0,1954,1966,13,23-35,1184,3145,2879,364,798,123,34,115,470,224,29,416,9,8,25,58,12,17,0.277,0.329,0.463,0.792
Felix,Mantilla,1,,0,1956,1966,11,21-31,969,3027,2707,360,707,97,10,89,330,256,13,352,26,18,20,79,27,10,0.261,0.329,0.403,0.732
Marty,Keough,0,,0,1956,1966,11,21-31,841,2008,1796,256,434,71,23,43,176,164,11,318,17,20,11,19,26,19,0.242,0.309,0.379,0.688
Roy,Sievers,5,,0,1949,1965,17,22-38,1887,7349,6387,945,1703,292,42,318,1147,841,55,920,51,15,55,164,14,19,0.267,0.354,0.475,0.829
Vic,Power,6,,0,1954,1965,12,26-37,1627,6461,6046,765,1716,290,49,126,658,279,26,247,15,73,48,145,45,35,0.284,0.315,0.411,0.726
Wally,Moon,3,,0,1954,1965,12,24-35,1457,5566,4843,737,1399,212,60,142,661,644,56,591,13,31,35,121,89,68,0.289,0.371,0.445,0.816
Gus,Triandos,4,,0,1953,1965,13,22-34,1206,4426,3907,389,954,147,6,167,608,440,49,636,21,26,32,128,1,0,0.244,0.322,0.413,0.735
Don,Zimmer,2,,0,1954,1965,12,23-34,1095,3593,3283,353,773,130,22,91,352,246,27,678,13,37,14,99,45,25,0.235,0.29,0.372,0.662
Gino,Cimoli,1,,0,1956,1965,10,26-35,969,3357,3054,370,808,133,48,44,321,221,13,474,14,43,25,89,21,6,0.265,0.315,0.383,0.698
Pete,Runnels,5,,0,1951,1964,14,23-36,1799,7328,6373,876,1854,282,64,49,630,844,28,627,28,49,34,174,37,51,0.291,0.375,0.378,0.753
Gus,Bell,4,,0,1950,1964,15,21-35,1741,7073,6478,865,1823,311,66,206,942,470,27,636,27,45,53,109,30,31,0.281,0.33,0.445,0.775
Bill,Bruton,0,,0,1953,1964,12,27-38,1610,6668,6056,937,1651,241,102,94,545,482,32,793,29,72,29,73,207,89,0.273,0.328,0.393,0.721
Al,Smith,4,,0,1953,1964,12,25-36,1517,6172,5357,843,1458,258,46,164,676,674,30,768,63,35,43,127,67,43,0.272,0.358,0.429,0.787
Johnny,Temple,6,,0,1952,1964,13,24-36,1420,6035,5218,720,1484,208,36,22,395,648,5,338,13,122,34,79,140,48,0.284,0.363,0.351,0.714
Don,Hoak,1,,0,1954,1964,11,26-36,1263,4945,4322,598,1144,214,44,89,498,523,36,530,22,45,33,122,64,47,0.265,0.345,0.396,0.741
Wally,Post,0,,0,1949,1964,16,19-34,1204,4397,4007,594,1064,194,28,210,699,331,28,813,20,10,29,93,19,13,0.266,0.323,0.485,0.808
Charlie,Maxwell,2,,0,1950,1964,15,23-37,1133,3796,3245,478,856,110,26,148,532,484,31,545,22,16,29,45,18,7,0.264,0.36,0.451,0.811
Bubba,Phillips,0,,0,1955,1964,10,27-36,1062,3564,3278,348,835,135,8,62,356,182,24,314,31,38,35,81,25,11,0.255,0.297,0.358,0.655
Hal,Smith,3,,0,1955,1964,10,24-33,879,2941,2682,269,715,148,10,58,323,196,12,361,14,20,29,92,7,10,0.267,0.317,0.394,0.711
Lee,Walls,1,,0,1952,1964,13,19-31,902,2868,2558,331,670,88,31,66,284,245,6,470,16,34,15,61,21,18,0.262,0.329,0.398,0.727
Gene,Stephens,0,,0,1952,1964,13,19-31,964,2195,1913,283,460,78,15,37,207,233,5,322,14,17,18,16,27,20,0.24,0.325,0.355,0.68
Gil,Hodges,8,,0,1943,1963,21,19-39,2071,8104,7030,1105,1921,295,48,370,1274,943,31,1137,25,56,50,165,63,31,0.273,0.359,0.487,0.846
Vic,Wertz,4,,0,1947,1963,17,22-38,1862,7021,6099,867,1692,289,42,266,1178,828,33,842,27,24,43,143,9,19,0.277,0.364,0.469,0.833
Sherm,Lollar,9,,0,1946,1963,18,21-38,1752,6218,5351,623,1415,244,14,155,808,671,49,453,115,47,34,184,20,10,0.264,0.357,0.402,0.759
Johnny,Logan,4,,0,1951,1963,13,24-36,1503,5893,5244,651,1407,216,41,93,547,451,26,472,43,125,30,125,19,13,0.268,0.33,0.378,0.708
Bill,Tuttle,0,,0,1952,1963,12,22-33,1270,4842,4268,578,1105,149,47,67,443,480,18,416,13,52,29,143,38,44,0.259,0.334,0.363,0.697
Daryl,Spencer,0,,0,1952,1963,12,23-34,1098,4206,3689,457,901,145,20,105,428,449,25,516,20,21,27,103,13,7,0.244,0.327,0.38,0.707
Billy,Gardner,0,,0,1954,1963,10,26-35,1034,3889,3544,356,841,159,18,41,271,246,18,439,33,54,12,83,19,22,0.237,0.292,0.327,0.619
Jim,Lemon,2,,0,1950,1963,14,22-35,1010,3870,3445,446,901,121,35,164,529,363,19,787,18,6,38,73,13,18,0.262,0.332,0.46,0.792
Dale,Long,1,,0,1951,1963,13,25-37,1013,3426,3020,384,805,135,33,132,467,353,39,460,7,7,39,76,10,3,0.267,0.341,0.464,0.805
Billy,Klaus,0,,0,1952,1963,12,23-34,821,2887,2513,357,626,106,15,40,250,331,7,285,4,21,18,37,14,7,0.249,0.335,0.351,0.686
Alex,Grammas,0,,0,1954,1963,10,28-37,913,2348,2073,236,512,90,10,12,163,206,22,192,15,41,13,56,17,14,0.247,0.318,0.317,0.635
Hobie,Landrith,0,,0,1950,1963,14,20-33,772,2227,1929,179,450,69,5,34,203,253,35,188,3,23,19,35,5,12,0.233,0.32,0.327,0.647
Eddie,Yost,1,,0,1944,1962,19,17-35,2109,9175,7346,1215,1863,337,56,139,683,1614,15,920,99,98,18,133,72,66,0.254,0.394,0.371,0.765
Dave,Philley,0,,0,1941,1962,22,21-42,1904,7000,6296,789,1700,276,72,84,729,594,14,551,17,71,22,190,101,63,0.27,0.334,0.377,0.711
Gene,Woodling,1,,0,1943,1962,20,20-39,1796,6613,5587,830,1585,257,63,147,830,921,34,479,28,46,31,110,29,45,0.284,0.386,0.431,0.817
Billy,Goodman,2,,0,1947,1962,16,21-36,1623,6446,5644,807,1691,299,44,19,591,669,7,329,29,89,15,121,37,30,0.3,0.376,0.378,0.754
Granny,Hamner,3,,0,1944,1962,19,17-35,1531,6291,5839,711,1529,272,62,104,708,351,10,432,6,71,24,173,35,14,0.262,0.303,0.383,0.686
Jim,Busby,1,,0,1950,1962,13,23-35,1352,4655,4250,541,1113,162,35,48,438,310,4,439,23,57,15,83,97,48,0.262,0.314,0.35,0.664
Danny,O'Connell,0,,0,1950,1962,13,23-35,1143,4596,4035,527,1049,181,35,39,320,431,3,396,22,89,19,75,48,22,0.26,0.333,0.351,0.684
Bob,Nieman,0,,0,1951,1962,12,24-35,1113,3947,3452,455,1018,180,32,125,544,435,18,512,9,26,25,104,10,30,0.295,0.373,0.474,0.847
Sammy,White,1,,0,1951,1962,12,22-33,1043,3788,3502,324,916,167,20,66,421,218,27,381,12,33,23,129,14,15,0.262,0.305,0.377,0.682
Andy,Carey,0,,0,1952,1962,11,20-30,938,3217,2850,371,741,119,38,64,350,268,18,389,27,44,28,75,23,21,0.26,0.327,0.396,0.723
Dick,Gernert,0,,0,1952,1962,11,23-33,835,2896,2493,357,632,104,8,103,402,363,12,462,17,10,13,67,10,11,0.254,0.351,0.426,0.777
Bob,Cerv,1,,0,1951,1962,12,25-36,829,2516,2261,320,624,96,26,105,374,212,19,392,17,6,20,73,12,10,0.276,0.34,0.481,0.821
Willie,Jones,2,,0,1947,1961,15,21-35,1691,6714,5826,786,1502,252,33,190,812,755,24,541,22,74,37,148,40,17,0.258,0.343,0.41,0.753
Ted,Kluszewski,4,,0,1947,1961,15,22-36,1718,6470,5929,848,1766,290,29,279,1028,492,70,365,23,3,23,143,20,10,0.298,0.353,0.498,0.851
Elmer,Valo,0,,0,1940,1961,22,19-40,1806,6091,5029,768,1420,228,73,58,601,942,12,284,38,65,17,111,110,79,0.282,0.398,0.391,0.789
Jackie,Jensen,0,,0,1950,1961,12,23-34,1438,6079,5236,810,1463,259,45,199,929,750,28,546,23,18,52,185,143,55,0.279,0.369,0.46,0.829
Earl,Torgeson,0,,0,1947,1961,15,23-37,1668,6037,4969,848,1318,215,46,149,740,980,7,653,8,55,25,113,133,39,0.265,0.385,0.417,0.802
Hank,Bauer,3,,0,1948,1961,14,25-38,1544,5776,5145,833,1424,229,57,164,703,521,11,638,34,51,25,95,50,33,0.277,0.346,0.439,0.785
Walt,Dropo,1,,0,1949,1961,13,26-38,1288,4521,4124,478,1113,168,22,152,704,328,12,582,24,22,23,166,5,6,0.27,0.326,0.432,0.758
Del,Rice,1,,0,1945,1961,17,22-38,1309,4312,3826,342,908,177,20,79,441,382,23,522,34,63,7,103,2,3,0.237,0.312,0.356,0.668
Jim,Rivera,0,,0,1952,1961,10,29-38,1171,4008,3552,503,911,155,56,83,422,365,22,523,23,44,24,56,160,70,0.256,0.328,0.402,0.73
Billy,Martin,1,,0,1950,1961,12,22-33,1021,3717,3419,425,877,137,28,64,333,188,8,355,32,55,23,96,34,29,0.257,0.3,0.369,0.669
Joe,DeMaestri,1,,0,1951,1961,11,22-32,1121,3678,3441,322,813,114,23,49,281,168,13,511,17,30,22,91,15,19,0.236,0.274,0.325,0.599
Clint,Courtney,0,,0,1951,1961,11,24-34,946,3147,2796,260,750,126,17,38,313,264,22,143,46,22,19,74,3,16,0.268,0.339,0.366,0.705
Rocky,Bridges,1,,0,1951,1961,11,23-33,919,2537,2272,245,562,80,11,16,187,205,10,229,7,40,13,79,10,15,0.247,0.31,0.313,0.623
Mickey,Vernon,7,,0,1939,1960,22,21-42,2409,9834,8731,1196,2495,490,120,172,1311,955,22,869,49,80,19,183,137,90,0.286,0.359,0.428,0.787
Alvin,Dark,3,,0,1946,1960,15,24-38,1828,7829,7219,1064,2089,358,72,126,757,430,20,534,54,95,31,134,59,27,0.289,0.333,0.411,0.744
Carl,Furillo,2,,0,1946,1960,15,24-38,1806,7022,6378,895,1910,324,56,192,1058,514,28,436,47,59,24,207,48,26,0.299,0.355,0.458,0.813
Bobby,Thomson,3,,0,1946,1960,15,22-36,1779,6957,6305,903,1705,267,74,264,1026,559,23,804,34,36,23,159,38,20,0.27,0.332,0.462,0.794
Whitey,Lockman,1,,0,1945,1960,16,18-33,1666,6590,5940,836,1658,222,49,114,563,552,15,383,19,64,15,68,43,27,0.279,0.342,0.391,0.733
Gil,McDougald,6,,0,1951,1960,10,23-32,1336,5395,4676,697,1291,187,51,112,576,559,8,623,36,97,27,93,45,44,0.276,0.356,0.41,0.766
Jim,Hegan,5,,0,1941,1960,20,20-39,1666,5318,4772,550,1087,187,46,92,525,456,14,742,4,72,14,113,15,24,0.228,0.295,0.344,0.639
Ray,Boone,2,,0,1948,1960,13,24-36,1373,5297,4589,645,1260,162,46,151,737,608,20,463,27,45,28,133,21,19,0.275,0.361,0.429,0.79
Grady,Hatton,1,,0,1946,1960,15,23-37,1312,4912,4206,562,1068,166,33,91,533,646,5,430,13,39,8,62,42,9,0.254,0.354,0.374,0.728
Johnny,Groth,0,,0,1946,1960,15,19-33,1248,4302,3808,480,1064,197,31,60,486,419,3,329,11,52,12,121,19,42,0.279,0.352,0.395,0.747
Irv,Noren,1,,0,1950,1960,11,25-35,1093,3507,3119,443,857,157,35,65,453,335,14,350,22,16,15,55,34,24,0.275,0.348,0.41,0.758
George,Strickland,0,,0,1950,1960,11,24-34,971,3266,2824,305,633,84,27,36,284,361,4,453,11,55,15,55,12,10,0.224,0.313,0.311,0.624
Stan,Lopata,2,,0,1948,1960,13,22-34,853,3034,2601,375,661,116,25,116,397,393,32,497,7,12,21,79,18,11,0.254,0.351,0.452,0.803
Jim,Delsing,0,,0,1948,1960,13,22-34,822,2802,2461,322,627,112,21,40,286,299,2,251,19,17,6,53,15,23,0.255,0.339,0.366,0.705
Del,Ennis,3,,0,1946,1959,14,21-34,1903,7940,7254,985,2063,358,69,288,1284,597,23,719,31,20,38,212,45,19,0.284,0.34,0.472,0.812
Andy,Pafko,4,,0,1943,1959,17,22-38,1852,7026,6292,844,1796,264,62,213,976,561,7,477,76,82,15,164,38,13,0.285,0.35,0.449,0.799
Hank,Sauer,2,,0,1941,1959,19,24-42,1399,5414,4796,709,1278,200,19,288,876,561,7,714,34,9,14,107,11,4,0.266,0.347,0.496,0.843
Bobby,Avila,3,,0,1949,1959,11,25-35,1300,5343,4620,725,1296,185,35,80,467,561,3,399,14,134,14,121,78,52,0.281,0.359,0.388,0.747
Chico,Carrasquel,4,,0,1950,1959,10,22-31,1325,5259,4644,568,1199,172,25,55,474,491,4,467,38,67,19,109,31,28,0.258,0.333,0.342,0.675
Don,Mueller,2,,0,1948,1959,12,21-32,1245,4594,4364,499,1292,139,37,65,520,167,12,146,13,29,21,97,11,8,0.296,0.322,0.39,0.712
Gus,Zernial,1,,0,1949,1959,11,26-36,1234,4561,4131,572,1093,159,22,237,776,383,3,755,24,3,20,106,15,7,0.265,0.329,0.486,0.815
Bobby,Adams,0,,0,1946,1959,14,24-37,1281,4533,4019,591,1082,188,49,37,303,414,1,447,17,78,5,62,67,30,0.269,0.34,0.368,0.708
Randy,Jackson,2,,0,1950,1959,10,24-33,955,3548,3203,412,835,115,44,103,415,281,11,382,7,42,15,108,36,16,0.261,0.32,0.421,0.741
Solly,Hemus,0,,0,1949,1959,11,26-36,961,3250,2694,459,736,137,41,51,263,456,12,248,62,31,7,49,21,18,0.273,0.39,0.411,0.801
Ed,Fitz Gerald,0,,0,1948,1959,12,24-35,807,2310,2086,199,542,82,10,19,217,185,3,235,12,22,5,76,9,6,0.26,0.323,0.336,0.659
Hal,Jeffcoat,0,,0,1948,1959,12,23-34,918,2131,1963,249,487,95,18,26,188,114,0,289,5,47,2,55,49,7,0.248,0.291,0.355,0.646
Eddie,Miksis,0,,0,1944,1958,15,17-31,1042,3338,3053,383,722,95,17,44,228,215,6,313,6,62,2,74,52,22,0.236,0.288,0.322,0.61
Roy,Smalley,0,,0,1948,1958,11,22-32,872,2948,2644,277,601,103,33,61,305,257,6,541,18,26,3,66,4,0,0.227,0.3,0.36,0.66
Les,Moss,0,,0,1946,1958,13,21-33,824,2549,2234,210,552,75,4,63,276,282,3,316,6,26,1,80,1,5,0.247,0.333,0.369,0.702
Walker,Cooper,8,,0,1940,1957,18,25-42,1473,5078,4702,573,1341,240,40,173,812,309,3,357,22,44,1,160,18,1,0.285,0.332,0.464,0.796
Bob,Kennedy,0,,0,1939,1957,19,18-36,1483,5065,4624,514,1176,196,41,63,514,364,2,443,6,65,6,151,45,50,0.254,0.309,0.355,0.664
Eddie,Robinson,4,,0,1942,1957,16,21-36,1315,4891,4282,546,1146,172,24,172,723,521,10,359,50,33,5,100,10,12,0.268,0.353,0.44,0.793
Andy,Seminick,1,,0,1943,1957,15,22-36,1304,4571,3921,495,953,139,26,164,556,582,9,780,40,27,1,118,23,7,0.243,0.347,0.417,0.764
Frank,Baumholtz,0,,0,1947,1957,11,28-38,1019,3807,3477,450,1010,165,51,25,272,258,2,258,17,45,10,57,30,20,0.29,0.342,0.389,0.731
Ron,Northey,0,,0,1942,1957,16,22-37,1084,3567,3172,385,874,172,28,108,513,361,4,297,15,14,5,57,7,0,0.276,0.352,0.45,0.802
Wes,Westrum,2,,0,1947,1957,11,24-34,919,2849,2322,302,503,59,8,96,315,489,9,514,19,11,8,60,10,5,0.217,0.356,0.373,0.729
Joe,Collins,0,,0,1948,1957,10,25-34,908,2700,2329,404,596,79,24,86,329,338,6,263,4,22,7,48,27,21,0.256,0.35,0.421,0.771
Al,Rosen,4,,0,1947,1956,10,23-32,1044,4374,3725,603,1063,165,20,192,717,587,9,385,27,9,26,121,39,33,0.285,0.384,0.495,0.879
Dale,Mitchell,2,,0,1946,1956,11,24-34,1127,4357,3984,555,1244,169,61,41,403,346,3,119,5,21,1,65,45,47,0.312,0.368,0.416,0.784
Hoot,Evers,0,,0,1941,1956,16,20-35,1142,4310,3801,556,1055,187,41,98,565,415,0,420,27,65,2,116,45,36,0.278,0.353,0.426,0.779
Sam,Mele,0,,0,1947,1956,10,25-34,1046,3796,3437,406,916,168,39,80,544,311,0,342,10,29,9,130,15,14,0.267,0.328,0.408,0.736
Hank,Thompson,0,,0,1947,1956,10,21-30,933,3568,3003,492,801,104,34,129,482,493,6,337,22,35,15,46,33,15,0.267,0.372,0.453,0.825
Wally,Westlake,1,,0,1947,1956,10,26-35,958,3495,3117,474,848,107,33,127,539,317,1,453,33,26,2,98,19,7,0.272,0.345,0.45,0.795
Clyde,McCullough,2,,0,1940,1956,17,23-39,1098,3459,3121,308,785,121,28,52,339,265,3,398,20,50,3,87,27,1,0.252,0.314,0.358,0.672
Gil,Coan,0,,0,1946,1956,11,24-34,918,3166,2877,384,731,98,44,39,278,232,0,384,28,27,2,25,83,38,0.254,0.316,0.359,0.675
Chuck,Diering,0,,0,1947,1956,10,24-33,752,1920,1648,217,411,76,14,14,141,237,1,250,6,26,3,32,16,23,0.249,0.345,0.338,0.683
Phil,Cavarretta,3,,0,1934,1955,22,17-38,2030,7701,6754,990,1977,347,99,95,920,820,0,598,37,89,1,103,65,0,0.293,0.372,0.416,0.788
Vern,Stephens,7,,0,1941,1955,15,20-34,1720,7240,6497,1001,1859,307,42,247,1174,692,0,685,6,37,8,169,25,22,0.286,0.355,0.46,0.815
Eddie,Joost,2,,0,1936,1955,20,20-39,1574,6783,5606,874,1339,238,35,134,601,1043,2,827,33,101,0,83,61,31,0.239,0.361,0.366,0.727
Sid,Gordon,2,,0,1941,1955,15,23-37,1475,5811,4992,735,1415,220,43,202,805,731,2,356,22,54,12,174,19,5,0.283,0.377,0.466,0.843
Pete,Suder,0,,0,1941,1955,15,25-39,1421,5473,5085,469,1268,210,44,49,541,288,0,456,7,92,1,158,19,28,0.249,0.29,0.337,0.627
Peanuts,Lowrey,1,,0,1942,1955,14,24-37,1401,4831,4317,564,1177,186,45,37,479,403,0,226,11,97,3,118,48,3,0.273,0.336,0.362,0.698
Willard,Marshall,3,,0,1942,1955,14,21-34,1246,4735,4233,583,1160,163,39,130,604,458,1,219,13,29,2,109,14,4,0.274,0.347,0.423,0.77
Eddie,Waitkus,2,,0,1941,1955,15,21-35,1140,4680,4254,528,1214,215,44,24,373,372,4,204,11,40,3,75,28,8,0.285,0.344,0.374,0.718
Billy,Cox,0,,0,1941,1955,15,21-35,1058,4081,3712,470,974,174,32,66,351,298,0,218,7,62,2,83,42,21,0.262,0.318,0.38,0.698
Hank,Majeski,0,,0,1939,1955,17,22-38,1069,3790,3421,404,956,181,27,57,501,299,1,260,27,42,1,117,10,11,0.279,0.342,0.398,0.74
Harry,Walker,2,,0,1940,1955,16,23-38,807,2981,2651,385,786,126,37,10,214,245,0,175,7,78,0,32,42,0,0.296,0.358,0.383,0.741
Floyd,Baker,0,,0,1943,1955,13,26-38,874,2694,2280,285,573,76,13,1,196,382,0,165,6,26,0,33,23,25,0.251,0.36,0.297,0.657
Johnny,Pesky,1,,0,1942,1954,13,22-34,1270,5516,4745,867,1455,226,50,17,404,662,0,218,25,83,1,82,53,49,0.307,0.394,0.386,0.78
Cass,Michaels,2,,0,1943,1954,12,17-28,1288,5020,4367,508,1142,147,46,53,501,566,0,406,24,63,0,116,64,32,0.262,0.349,0.353,0.702
Johnny,Wyrostek,2,,0,1942,1954,13,22-34,1221,4784,4240,525,1149,209,45,58,481,482,0,437,25,33,4,80,33,13,0.271,0.349,0.383,0.732
Connie,Ryan,1,,0,1942,1954,13,22-34,1184,4595,3982,535,988,181,42,56,381,518,0,514,14,81,0,92,69,12,0.248,0.337,0.357,0.694
Mickey,Owen,4,,0,1937,1954,18,21-38,1209,4072,3649,338,929,163,21,14,378,326,0,181,13,80,4,122,36,1,0.255,0.318,0.322,0.64
Catfish,Metkovich,0,,0,1943,1954,12,22-33,1055,3955,3585,476,934,167,36,47,373,307,0,359,22,38,3,80,61,28,0.261,0.322,0.367,0.689
Sibby,Sisti,0,,0,1939,1954,16,18-33,1016,3368,2999,401,732,121,19,27,260,283,0,440,16,70,0,62,30,5,0.244,0.313,0.324,0.637
Johnny,Lindell,1,,0,1941,1954,14,24-37,854,3122,2795,401,762,124,48,72,404,289,0,366,16,22,0,91,17,13,0.273,0.344,0.429,0.773
Johnny,Lipon,0,,0,1942,1954,13,19-31,758,3089,2661,351,690,95,24,10,266,347,0,152,7,74,0,65,28,25,0.259,0.346,0.324,0.67
Bud,Stewart,0,,0,1941,1954,14,25-38,773,2335,2041,288,547,96,32,32,260,252,0,157,9,33,0,25,29,23,0.268,0.351,0.393,0.744
Bob,Elliott,6,,0,1939,1953,15,22-36,1978,8190,7141,1064,2061,382,94,170,1195,967,0,604,16,66,0,187,60,2,0.289,0.375,0.44,0.815
Dom,DiMaggio,7,,0,1940,1953,14,23-36,1399,6478,5640,1046,1680,308,57,87,618,750,0,571,31,57,0,107,100,62,0.298,0.383,0.419,0.802
Bill,Nicholson,4,,0,1936,1953,18,21-38,1677,6418,5546,837,1484,272,60,235,948,800,0,828,52,20,0,61,27,1,0.268,0.365,0.465,0.83
Marty,Marion,7,,0,1940,1953,14,22-35,1572,6141,5506,602,1448,272,37,36,624,470,0,537,14,151,0,120,35,2,0.263,0.323,0.345,0.668
Eddie,Stanky,3,,0,1943,1953,11,26-36,1259,5435,4301,811,1154,185,35,29,364,996,0,374,35,103,0,62,48,5,0.268,0.41,0.348,0.758
Jerry,Priddy,0,,0,1941,1953,13,21-33,1296,5428,4720,612,1252,232,46,61,541,624,0,639,13,71,0,136,44,44,0.265,0.353,0.373,0.726
Barney,McCosky,0,,0,1939,1953,15,22-36,1170,4760,4172,664,1301,214,71,24,397,497,0,261,10,81,0,62,58,31,0.312,0.386,0.414,0.8
Don,Kolloway,0,,0,1940,1953,14,21-34,1079,4244,3993,466,1081,180,30,29,393,189,0,251,10,52,0,110,76,54,0.271,0.305,0.353,0.658
Al,Zarilla,1,,0,1943,1953,11,24-34,1120,4034,3535,507,975,186,43,61,456,415,0,382,30,54,0,61,33,33,0.276,0.357,0.405,0.762
Billy,Johnson,1,,0,1943,1953,11,24-34,964,3659,3253,419,882,141,33,61,487,347,0,290,28,31,0,125,13,11,0.271,0.346,0.391,0.737
Bob,Swift,0,,0,1940,1953,14,25-38,1001,3136,2750,212,635,86,3,14,238,324,0,233,3,59,0,79,10,6,0.231,0.313,0.28,0.593
Pat,Mullin,2,,0,1940,1953,14,22-35,864,2849,2493,381,676,106,43,87,385,330,0,312,6,20,0,37,20,27,0.271,0.358,0.453,0.811
Tommy,Holmes,1,,0,1942,1952,11,25-35,1320,5565,4992,698,1507,292,47,88,581,480,0,122,24,69,0,96,40,0,0.302,0.366,0.432,0.798
Johnny,Hopp,1,,0,1939,1952,14,22-35,1393,4804,4260,698,1262,216,74,46,458,464,0,378,19,61,0,60,128,1,0.296,0.368,0.414,0.782
Charlie,Keller,5,,0,1939,1952,14,22-35,1170,4604,3790,725,1085,166,72,189,760,784,0,499,10,20,0,50,45,23,0.286,0.41,0.518,0.928
Snuffy,Stirnweiss,1,,0,1943,1952,10,24-33,1028,4292,3695,604,989,157,68,29,281,541,0,447,6,50,0,73,134,55,0.268,0.362,0.371,0.733
Birdie,Tebbetts,4,,0,1936,1952,17,23-39,1162,4149,3704,357,1000,169,22,38,469,389,0,261,12,44,0,111,29,23,0.27,0.341,0.358,0.699
Phil,Masi,3,,0,1939,1952,14,23-36,1229,3946,3468,420,917,164,31,47,417,410,0,311,10,58,0,107,45,1,0.264,0.344,0.37,0.714
Johnny,Berardino,0,,0,1939,1952,14,22-35,912,3357,3028,334,755,167,23,36,387,284,0,268,13,32,0,80,27,29,0.249,0.316,0.355,0.671
Pete,Reiser,3,,0,1940,1952,13,21-33,861,3053,2662,473,786,155,41,58,368,343,0,369,20,28,0,26,87,3,0.295,0.38,0.45,0.83
Wally,Moses,1,,0,1935,1951,17,24-40,2012,8253,7356,1124,2138,435,110,89,679,821,0,457,21,55,0,58,174,81,0.291,0.364,0.416,0.78
Sam,Chapman,1,,0,1938,1951,14,22-35,1368,5600,4988,754,1329,210,52,180,773,562,0,682,15,35,0,137,41,38,0.266,0.342,0.438,0.78
Jim,Russell,0,,0,1942,1951,10,23-32,1035,4145,3595,554,959,175,51,67,428,503,0,427,22,25,0,76,59,0,0.267,0.36,0.4,0.76
Danny,Litwhiler,1,,0,1940,1951,12,23-34,1057,3858,3494,428,982,162,32,107,451,299,0,377,27,38,0,86,11,0,0.281,0.342,0.438,0.78
Jimmy,Bloodworth,0,,0,1937,1951,15,19-33,1002,3788,3519,347,874,160,20,62,451,202,0,407,16,51,0,116,19,22,0.248,0.292,0.358,0.65
Buddy,Rosar,5,,0,1939,1951,13,24-36,988,3571,3198,335,836,147,15,18,367,315,0,161,10,48,0,97,17,18,0.261,0.33,0.334,0.664
Ray,Mueller,1,,0,1935,1951,17,23-39,985,3238,2911,281,733,123,23,56,373,250,0,322,13,64,0,77,14,0,0.252,0.314,0.368,0.682
Danny,Murtaugh,0,,0,1941,1951,11,23-33,767,2937,2599,263,661,97,21,8,219,287,0,215,9,42,0,49,49,0,0.254,0.331,0.317,0.648
Ken,Keltner,7,,0,1937,1950,14,20-33,1526,6312,5683,737,1570,308,69,163,852,514,0,480,13,102,0,144,39,33,0.276,0.338,0.441,0.779
Eddie,Miller,7,,0,1936,1950,15,19-33,1510,5816,5337,539,1270,263,28,97,640,351,0,465,44,84,0,133,64,0,0.238,0.29,0.352,0.642
Tommy,Henrich,5,,0,1937,1950,14,24-37,1284,5409,4603,901,1297,269,73,183,795,712,0,383,34,60,0,62,37,19,0.282,0.382,0.491,0.873
Frankie,Gustine,3,,0,1939,1950,12,19-30,1261,5037,4582,553,1214,222,47,38,480,369,0,427,15,71,0,125,60,1,0.265,0.322,0.359,0.681
Eddie,Lake,0,,0,1939,1950,12,23-34,835,3199,2595,442,599,105,9,39,193,546,0,312,8,50,0,49,52,45,0.231,0.366,0.323,0.689
Roy,Weatherly,0,,0,1936,1950,15,21-35,811,3008,2781,415,794,152,44,43,290,180,0,170,7,40,0,24,42,49,0.286,0.331,0.418,0.749
